STNFAM	PART	STNS
DE_BE_11	part_1	DE_BE_11#0;DE_BE_11#2;DE_BE_11#3;DE_BE_11#4;DE_BE_11#5;DE_BE_11#7;DE_BE_11#8
DE_BE_11	part_10	DE_BE_11#0;DE_BE_11#1;DE_BE_11#3;DE_BE_11#4;DE_BE_11#6;DE_BE_11#7;DE_BE_11#8
DE_BE_11	part_2	DE_BE_11#0;DE_BE_11#1;DE_BE_11#2;DE_BE_11#4;DE_BE_11#5;DE_BE_11#6;DE_BE_11#7
DE_BE_11	part_3	DE_BE_11#0;DE_BE_11#1;DE_BE_11#2;DE_BE_11#3;DE_BE_11#5;DE_BE_11#6;DE_BE_11#8
DE_BE_11	part_4	DE_BE_11#0;DE_BE_11#1;DE_BE_11#2;DE_BE_11#3;DE_BE_11#4;DE_BE_11#5;DE_BE_11#8
DE_BE_11	part_5	DE_BE_11#0;DE_BE_11#1;DE_BE_11#3;DE_BE_11#4;DE_BE_11#6;DE_BE_11#7;DE_BE_11#8
DE_BE_11	part_6	DE_BE_11#0;DE_BE_11#1;DE_BE_11#4;DE_BE_11#5;DE_BE_11#6;DE_BE_11#7;DE_BE_11#8
DE_BE_11	part_7	DE_BE_11#0;DE_BE_11#2;DE_BE_11#3;DE_BE_11#4;DE_BE_11#6;DE_BE_11#7;DE_BE_11#8
DE_BE_11	part_8	DE_BE_11#1;DE_BE_11#2;DE_BE_11#3;DE_BE_11#4;DE_BE_11#5;DE_BE_11#6;DE_BE_11#7
DE_BE_11	part_9	DE_BE_11#1;DE_BE_11#2;DE_BE_11#3;DE_BE_11#5;DE_BE_11#6;DE_BE_11#7;DE_BE_11#8
DE_BE_12	part_1	DE_BE_12#0;DE_BE_12#1;DE_BE_12#2;DE_BE_12#3;DE_BE_12#5;DE_BE_12#6
DE_BE_12	part_10	DE_BE_12#0;DE_BE_12#1;DE_BE_12#2;DE_BE_12#3;DE_BE_12#4;DE_BE_12#6
DE_BE_12	part_2	DE_BE_12#0;DE_BE_12#1;DE_BE_12#2;DE_BE_12#3;DE_BE_12#5;DE_BE_12#6
DE_BE_12	part_3	DE_BE_12#0;DE_BE_12#1;DE_BE_12#2;DE_BE_12#4;DE_BE_12#5;DE_BE_12#6
DE_BE_12	part_4	DE_BE_12#1;DE_BE_12#2;DE_BE_12#3;DE_BE_12#4;DE_BE_12#5;DE_BE_12#6
DE_BE_12	part_5	DE_BE_12#0;DE_BE_12#1;DE_BE_12#2;DE_BE_12#3;DE_BE_12#4;DE_BE_12#5
DE_BE_12	part_6	DE_BE_12#1;DE_BE_12#2;DE_BE_12#3;DE_BE_12#4;DE_BE_12#5;DE_BE_12#6
DE_BE_12	part_7	DE_BE_12#0;DE_BE_12#1;DE_BE_12#3;DE_BE_12#4;DE_BE_12#5;DE_BE_12#6
DE_BE_12	part_8	DE_BE_12#0;DE_BE_12#2;DE_BE_12#3;DE_BE_12#4;DE_BE_12#5;DE_BE_12#6
DE_BE_12	part_9	DE_BE_12#0;DE_BE_12#1;DE_BE_12#2;DE_BE_12#4;DE_BE_12#5;DE_BE_12#6
DE_BE_13	part_1	DE_BE_13#0;DE_BE_13#1;DE_BE_13#11;DE_BE_13#12;DE_BE_13#2;DE_BE_13#4;DE_BE_13#6;DE_BE_13#7;DE_BE_13#8;DE_BE_13#9
DE_BE_13	part_10	DE_BE_13#0;DE_BE_13#1;DE_BE_13#10;DE_BE_13#11;DE_BE_13#12;DE_BE_13#3;DE_BE_13#4;DE_BE_13#5;DE_BE_13#8;DE_BE_13#9
DE_BE_13	part_2	DE_BE_13#0;DE_BE_13#1;DE_BE_13#10;DE_BE_13#11;DE_BE_13#2;DE_BE_13#3;DE_BE_13#5;DE_BE_13#6;DE_BE_13#7;DE_BE_13#8
DE_BE_13	part_3	DE_BE_13#0;DE_BE_13#1;DE_BE_13#10;DE_BE_13#11;DE_BE_13#12;DE_BE_13#3;DE_BE_13#4;DE_BE_13#5;DE_BE_13#6;DE_BE_13#9
DE_BE_13	part_4	DE_BE_13#1;DE_BE_13#10;DE_BE_13#2;DE_BE_13#3;DE_BE_13#4;DE_BE_13#5;DE_BE_13#6;DE_BE_13#7;DE_BE_13#8;DE_BE_13#9
DE_BE_13	part_5	DE_BE_13#1;DE_BE_13#10;DE_BE_13#12;DE_BE_13#2;DE_BE_13#3;DE_BE_13#4;DE_BE_13#6;DE_BE_13#7;DE_BE_13#8;DE_BE_13#9
DE_BE_13	part_6	DE_BE_13#0;DE_BE_13#1;DE_BE_13#11;DE_BE_13#12;DE_BE_13#2;DE_BE_13#4;DE_BE_13#5;DE_BE_13#7;DE_BE_13#8;DE_BE_13#9
DE_BE_13	part_7	DE_BE_13#0;DE_BE_13#10;DE_BE_13#11;DE_BE_13#12;DE_BE_13#3;DE_BE_13#4;DE_BE_13#5;DE_BE_13#6;DE_BE_13#7;DE_BE_13#9
DE_BE_13	part_8	DE_BE_13#0;DE_BE_13#10;DE_BE_13#11;DE_BE_13#12;DE_BE_13#2;DE_BE_13#3;DE_BE_13#4;DE_BE_13#5;DE_BE_13#6;DE_BE_13#7
DE_BE_13	part_9	DE_BE_13#0;DE_BE_13#10;DE_BE_13#11;DE_BE_13#12;DE_BE_13#2;DE_BE_13#3;DE_BE_13#5;DE_BE_13#6;DE_BE_13#7;DE_BE_13#8
DE_BE_48	part_1	DE_BE_48#1;DE_BE_48#10;DE_BE_48#2;DE_BE_48#3;DE_BE_48#4;DE_BE_48#5;DE_BE_48#6;DE_BE_48#7;DE_BE_48#9
DE_BE_48	part_10	DE_BE_48#0;DE_BE_48#1;DE_BE_48#10;DE_BE_48#2;DE_BE_48#3;DE_BE_48#6;DE_BE_48#7;DE_BE_48#8;DE_BE_48#9
DE_BE_48	part_2	DE_BE_48#0;DE_BE_48#1;DE_BE_48#3;DE_BE_48#4;DE_BE_48#5;DE_BE_48#6;DE_BE_48#7;DE_BE_48#8;DE_BE_48#9
DE_BE_48	part_3	DE_BE_48#0;DE_BE_48#1;DE_BE_48#10;DE_BE_48#2;DE_BE_48#4;DE_BE_48#5;DE_BE_48#6;DE_BE_48#7;DE_BE_48#8
DE_BE_48	part_4	DE_BE_48#0;DE_BE_48#1;DE_BE_48#10;DE_BE_48#2;DE_BE_48#3;DE_BE_48#4;DE_BE_48#5;DE_BE_48#6;DE_BE_48#8
DE_BE_48	part_5	DE_BE_48#0;DE_BE_48#10;DE_BE_48#2;DE_BE_48#3;DE_BE_48#5;DE_BE_48#6;DE_BE_48#7;DE_BE_48#8;DE_BE_48#9
DE_BE_48	part_6	DE_BE_48#0;DE_BE_48#10;DE_BE_48#2;DE_BE_48#3;DE_BE_48#4;DE_BE_48#5;DE_BE_48#7;DE_BE_48#8;DE_BE_48#9
DE_BE_48	part_7	DE_BE_48#0;DE_BE_48#1;DE_BE_48#10;DE_BE_48#2;DE_BE_48#3;DE_BE_48#4;DE_BE_48#5;DE_BE_48#7;DE_BE_48#9
DE_BE_48	part_8	DE_BE_48#1;DE_BE_48#10;DE_BE_48#3;DE_BE_48#4;DE_BE_48#5;DE_BE_48#6;DE_BE_48#7;DE_BE_48#8;DE_BE_48#9
DE_BE_48	part_9	DE_BE_48#0;DE_BE_48#1;DE_BE_48#10;DE_BE_48#2;DE_BE_48#3;DE_BE_48#4;DE_BE_48#6;DE_BE_48#8;DE_BE_48#9
DE_BE_50	part_1	DE_BE_50#0;DE_BE_50#2;DE_BE_50#3;DE_BE_50#4;DE_BE_50#5;DE_BE_50#6;DE_BE_50#7;DE_BE_50#9
DE_BE_50	part_10	DE_BE_50#1;DE_BE_50#2;DE_BE_50#3;DE_BE_50#4;DE_BE_50#5;DE_BE_50#7;DE_BE_50#8;DE_BE_50#9
DE_BE_50	part_2	DE_BE_50#0;DE_BE_50#1;DE_BE_50#2;DE_BE_50#4;DE_BE_50#5;DE_BE_50#6;DE_BE_50#7;DE_BE_50#8
DE_BE_50	part_3	DE_BE_50#0;DE_BE_50#1;DE_BE_50#3;DE_BE_50#4;DE_BE_50#6;DE_BE_50#7;DE_BE_50#8;DE_BE_50#9
DE_BE_50	part_4	DE_BE_50#0;DE_BE_50#1;DE_BE_50#2;DE_BE_50#4;DE_BE_50#5;DE_BE_50#6;DE_BE_50#7;DE_BE_50#8
DE_BE_50	part_5	DE_BE_50#0;DE_BE_50#2;DE_BE_50#3;DE_BE_50#4;DE_BE_50#5;DE_BE_50#6;DE_BE_50#7;DE_BE_50#9
DE_BE_50	part_6	DE_BE_50#0;DE_BE_50#1;DE_BE_50#2;DE_BE_50#3;DE_BE_50#5;DE_BE_50#6;DE_BE_50#8;DE_BE_50#9
DE_BE_50	part_7	DE_BE_50#1;DE_BE_50#2;DE_BE_50#3;DE_BE_50#4;DE_BE_50#5;DE_BE_50#7;DE_BE_50#8;DE_BE_50#9
DE_BE_50	part_8	DE_BE_50#0;DE_BE_50#1;DE_BE_50#3;DE_BE_50#4;DE_BE_50#6;DE_BE_50#7;DE_BE_50#8;DE_BE_50#9
DE_BE_50	part_9	DE_BE_50#0;DE_BE_50#1;DE_BE_50#2;DE_BE_50#3;DE_BE_50#5;DE_BE_50#6;DE_BE_50#8;DE_BE_50#9
DE_BE_65	part_1	DE_BE_65#0;DE_BE_65#1;DE_BE_65#10;DE_BE_65#2;DE_BE_65#4;DE_BE_65#5;DE_BE_65#6;DE_BE_65#8;DE_BE_65#9
DE_BE_65	part_10	DE_BE_65#0;DE_BE_65#1;DE_BE_65#2;DE_BE_65#3;DE_BE_65#4;DE_BE_65#5;DE_BE_65#6;DE_BE_65#7;DE_BE_65#9
DE_BE_65	part_2	DE_BE_65#10;DE_BE_65#2;DE_BE_65#3;DE_BE_65#4;DE_BE_65#5;DE_BE_65#6;DE_BE_65#7;DE_BE_65#8;DE_BE_65#9
DE_BE_65	part_3	DE_BE_65#1;DE_BE_65#10;DE_BE_65#2;DE_BE_65#3;DE_BE_65#5;DE_BE_65#6;DE_BE_65#7;DE_BE_65#8;DE_BE_65#9
DE_BE_65	part_4	DE_BE_65#0;DE_BE_65#1;DE_BE_65#10;DE_BE_65#2;DE_BE_65#3;DE_BE_65#4;DE_BE_65#5;DE_BE_65#7;DE_BE_65#8
DE_BE_65	part_5	DE_BE_65#0;DE_BE_65#1;DE_BE_65#10;DE_BE_65#3;DE_BE_65#4;DE_BE_65#5;DE_BE_65#7;DE_BE_65#8;DE_BE_65#9
DE_BE_65	part_6	DE_BE_65#0;DE_BE_65#2;DE_BE_65#3;DE_BE_65#4;DE_BE_65#5;DE_BE_65#6;DE_BE_65#7;DE_BE_65#8;DE_BE_65#9
DE_BE_65	part_7	DE_BE_65#0;DE_BE_65#1;DE_BE_65#10;DE_BE_65#2;DE_BE_65#3;DE_BE_65#6;DE_BE_65#7;DE_BE_65#8;DE_BE_65#9
DE_BE_65	part_8	DE_BE_65#0;DE_BE_65#1;DE_BE_65#10;DE_BE_65#4;DE_BE_65#5;DE_BE_65#6;DE_BE_65#7;DE_BE_65#8;DE_BE_65#9
DE_BE_65	part_9	DE_BE_65#0;DE_BE_65#1;DE_BE_65#10;DE_BE_65#2;DE_BE_65#3;DE_BE_65#4;DE_BE_65#6;DE_BE_65#8;DE_BE_65#9
DE_BE_66	part_1	DE_BE_66#0;DE_BE_66#10;DE_BE_66#11;DE_BE_66#12;DE_BE_66#14;DE_BE_66#15;DE_BE_66#16;DE_BE_66#2;DE_BE_66#3;DE_BE_66#4;DE_BE_66#5;DE_BE_66#6;DE_BE_66#8;DE_BE_66#9
DE_BE_66	part_10	DE_BE_66#0;DE_BE_66#1;DE_BE_66#11;DE_BE_66#13;DE_BE_66#15;DE_BE_66#16;DE_BE_66#2;DE_BE_66#3;DE_BE_66#4;DE_BE_66#5;DE_BE_66#6;DE_BE_66#7;DE_BE_66#8;DE_BE_66#9
DE_BE_66	part_2	DE_BE_66#0;DE_BE_66#1;DE_BE_66#10;DE_BE_66#12;DE_BE_66#13;DE_BE_66#14;DE_BE_66#15;DE_BE_66#16;DE_BE_66#3;DE_BE_66#4;DE_BE_66#5;DE_BE_66#6;DE_BE_66#7;DE_BE_66#8
DE_BE_66	part_3	DE_BE_66#1;DE_BE_66#10;DE_BE_66#11;DE_BE_66#12;DE_BE_66#13;DE_BE_66#14;DE_BE_66#16;DE_BE_66#2;DE_BE_66#3;DE_BE_66#5;DE_BE_66#6;DE_BE_66#7;DE_BE_66#8;DE_BE_66#9
DE_BE_66	part_4	DE_BE_66#0;DE_BE_66#10;DE_BE_66#11;DE_BE_66#12;DE_BE_66#13;DE_BE_66#15;DE_BE_66#16;DE_BE_66#2;DE_BE_66#3;DE_BE_66#4;DE_BE_66#5;DE_BE_66#6;DE_BE_66#8;DE_BE_66#9
DE_BE_66	part_5	DE_BE_66#0;DE_BE_66#1;DE_BE_66#10;DE_BE_66#11;DE_BE_66#12;DE_BE_66#13;DE_BE_66#14;DE_BE_66#15;DE_BE_66#16;DE_BE_66#2;DE_BE_66#3;DE_BE_66#4;DE_BE_66#7;DE_BE_66#9
DE_BE_66	part_6	DE_BE_66#0;DE_BE_66#1;DE_BE_66#10;DE_BE_66#11;DE_BE_66#12;DE_BE_66#14;DE_BE_66#15;DE_BE_66#2;DE_BE_66#4;DE_BE_66#5;DE_BE_66#6;DE_BE_66#7;DE_BE_66#8;DE_BE_66#9
DE_BE_66	part_7	DE_BE_66#0;DE_BE_66#1;DE_BE_66#10;DE_BE_66#12;DE_BE_66#13;DE_BE_66#14;DE_BE_66#15;DE_BE_66#2;DE_BE_66#4;DE_BE_66#5;DE_BE_66#6;DE_BE_66#7;DE_BE_66#8;DE_BE_66#9
DE_BE_66	part_8	DE_BE_66#0;DE_BE_66#1;DE_BE_66#11;DE_BE_66#13;DE_BE_66#14;DE_BE_66#15;DE_BE_66#16;DE_BE_66#2;DE_BE_66#3;DE_BE_66#5;DE_BE_66#6;DE_BE_66#7;DE_BE_66#8;DE_BE_66#9
DE_BE_66	part_9	DE_BE_66#0;DE_BE_66#1;DE_BE_66#10;DE_BE_66#11;DE_BE_66#12;DE_BE_66#13;DE_BE_66#14;DE_BE_66#15;DE_BE_66#16;DE_BE_66#3;DE_BE_66#4;DE_BE_66#5;DE_BE_66#7;DE_BE_66#8
DE_BE_67	part_1	DE_BE_67#0;DE_BE_67#10;DE_BE_67#2;DE_BE_67#3;DE_BE_67#4;DE_BE_67#6;DE_BE_67#7;DE_BE_67#8;DE_BE_67#9
DE_BE_67	part_10	DE_BE_67#0;DE_BE_67#1;DE_BE_67#3;DE_BE_67#4;DE_BE_67#5;DE_BE_67#6;DE_BE_67#7;DE_BE_67#8;DE_BE_67#9
DE_BE_67	part_2	DE_BE_67#0;DE_BE_67#1;DE_BE_67#10;DE_BE_67#2;DE_BE_67#3;DE_BE_67#5;DE_BE_67#6;DE_BE_67#8;DE_BE_67#9
DE_BE_67	part_3	DE_BE_67#0;DE_BE_67#1;DE_BE_67#10;DE_BE_67#2;DE_BE_67#4;DE_BE_67#5;DE_BE_67#6;DE_BE_67#7;DE_BE_67#9
DE_BE_67	part_4	DE_BE_67#0;DE_BE_67#1;DE_BE_67#2;DE_BE_67#4;DE_BE_67#5;DE_BE_67#6;DE_BE_67#7;DE_BE_67#8;DE_BE_67#9
DE_BE_67	part_5	DE_BE_67#0;DE_BE_67#10;DE_BE_67#2;DE_BE_67#3;DE_BE_67#5;DE_BE_67#6;DE_BE_67#7;DE_BE_67#8;DE_BE_67#9
DE_BE_67	part_6	DE_BE_67#1;DE_BE_67#10;DE_BE_67#2;DE_BE_67#3;DE_BE_67#4;DE_BE_67#5;DE_BE_67#6;DE_BE_67#7;DE_BE_67#9
DE_BE_67	part_7	DE_BE_67#0;DE_BE_67#1;DE_BE_67#10;DE_BE_67#2;DE_BE_67#3;DE_BE_67#4;DE_BE_67#6;DE_BE_67#7;DE_BE_67#8
DE_BE_67	part_8	DE_BE_67#0;DE_BE_67#1;DE_BE_67#10;DE_BE_67#3;DE_BE_67#4;DE_BE_67#5;DE_BE_67#7;DE_BE_67#8;DE_BE_67#9
DE_BE_67	part_9	DE_BE_67#1;DE_BE_67#10;DE_BE_67#2;DE_BE_67#3;DE_BE_67#4;DE_BE_67#5;DE_BE_67#6;DE_BE_67#8;DE_BE_67#9
DE_BE_69	part_1	DE_BE_69#0;DE_BE_69#2
DE_BE_69	part_10	DE_BE_69#0;DE_BE_69#2
DE_BE_69	part_2	DE_BE_69#0;DE_BE_69#1
DE_BE_69	part_3	DE_BE_69#1;DE_BE_69#2
DE_BE_69	part_4	DE_BE_69#1;DE_BE_69#2
DE_BE_69	part_5	DE_BE_69#0;DE_BE_69#1
DE_BE_69	part_6	DE_BE_69#0;DE_BE_69#2
DE_BE_69	part_7	DE_BE_69#0;DE_BE_69#2
DE_BE_69	part_8	DE_BE_69#0;DE_BE_69#1
DE_BE_69	part_9	DE_BE_69#1;DE_BE_69#2
DE_FE_1	part_1	DE_FE_1#0;DE_FE_1#1;DE_FE_1#3;DE_FE_1#4
DE_FE_1	part_10	DE_FE_1#1;DE_FE_1#2;DE_FE_1#3;DE_FE_1#4
DE_FE_1	part_2	DE_FE_1#0;DE_FE_1#2;DE_FE_1#3;DE_FE_1#4
DE_FE_1	part_3	DE_FE_1#0;DE_FE_1#1;DE_FE_1#2;DE_FE_1#4
DE_FE_1	part_4	DE_FE_1#0;DE_FE_1#2;DE_FE_1#3;DE_FE_1#4
DE_FE_1	part_5	DE_FE_1#0;DE_FE_1#1;DE_FE_1#2;DE_FE_1#3
DE_FE_1	part_6	DE_FE_1#0;DE_FE_1#1;DE_FE_1#3;DE_FE_1#4
DE_FE_1	part_7	DE_FE_1#0;DE_FE_1#1;DE_FE_1#2;DE_FE_1#3
DE_FE_1	part_8	DE_FE_1#0;DE_FE_1#1;DE_FE_1#2;DE_FE_1#4
DE_FE_1	part_9	DE_FE_1#1;DE_FE_1#2;DE_FE_1#3;DE_FE_1#4
DE_FE_51	part_1	DE_FE_51#0;DE_FE_51#1;DE_FE_51#10;DE_FE_51#11;DE_FE_51#12;DE_FE_51#13;DE_FE_51#14;DE_FE_51#16;DE_FE_51#17;DE_FE_51#2;DE_FE_51#4;DE_FE_51#5;DE_FE_51#6;DE_FE_51#7;DE_FE_51#8;DE_FE_51#9
DE_FE_51	part_10	DE_FE_51#1;DE_FE_51#10;DE_FE_51#11;DE_FE_51#12;DE_FE_51#14;DE_FE_51#15;DE_FE_51#18;DE_FE_51#19;DE_FE_51#2;DE_FE_51#3;DE_FE_51#4;DE_FE_51#5;DE_FE_51#6;DE_FE_51#7;DE_FE_51#8;DE_FE_51#9
DE_FE_51	part_2	DE_FE_51#0;DE_FE_51#1;DE_FE_51#10;DE_FE_51#11;DE_FE_51#13;DE_FE_51#14;DE_FE_51#15;DE_FE_51#16;DE_FE_51#17;DE_FE_51#18;DE_FE_51#19;DE_FE_51#3;DE_FE_51#5;DE_FE_51#7;DE_FE_51#8;DE_FE_51#9
DE_FE_51	part_3	DE_FE_51#0;DE_FE_51#12;DE_FE_51#13;DE_FE_51#14;DE_FE_51#15;DE_FE_51#16;DE_FE_51#17;DE_FE_51#18;DE_FE_51#19;DE_FE_51#2;DE_FE_51#3;DE_FE_51#4;DE_FE_51#5;DE_FE_51#6;DE_FE_51#8;DE_FE_51#9
DE_FE_51	part_4	DE_FE_51#0;DE_FE_51#1;DE_FE_51#10;DE_FE_51#11;DE_FE_51#12;DE_FE_51#13;DE_FE_51#14;DE_FE_51#16;DE_FE_51#17;DE_FE_51#2;DE_FE_51#4;DE_FE_51#5;DE_FE_51#6;DE_FE_51#7;DE_FE_51#8;DE_FE_51#9
DE_FE_51	part_5	DE_FE_51#1;DE_FE_51#10;DE_FE_51#11;DE_FE_51#12;DE_FE_51#14;DE_FE_51#15;DE_FE_51#18;DE_FE_51#19;DE_FE_51#2;DE_FE_51#3;DE_FE_51#4;DE_FE_51#5;DE_FE_51#6;DE_FE_51#7;DE_FE_51#8;DE_FE_51#9
DE_FE_51	part_6	DE_FE_51#0;DE_FE_51#1;DE_FE_51#10;DE_FE_51#11;DE_FE_51#12;DE_FE_51#13;DE_FE_51#15;DE_FE_51#16;DE_FE_51#17;DE_FE_51#18;DE_FE_51#19;DE_FE_51#2;DE_FE_51#3;DE_FE_51#4;DE_FE_51#6;DE_FE_51#7
DE_FE_51	part_7	DE_FE_51#0;DE_FE_51#12;DE_FE_51#13;DE_FE_51#14;DE_FE_51#15;DE_FE_51#16;DE_FE_51#17;DE_FE_51#18;DE_FE_51#19;DE_FE_51#2;DE_FE_51#3;DE_FE_51#4;DE_FE_51#5;DE_FE_51#6;DE_FE_51#8;DE_FE_51#9
DE_FE_51	part_8	DE_FE_51#0;DE_FE_51#1;DE_FE_51#10;DE_FE_51#11;DE_FE_51#12;DE_FE_51#13;DE_FE_51#15;DE_FE_51#16;DE_FE_51#17;DE_FE_51#18;DE_FE_51#19;DE_FE_51#2;DE_FE_51#3;DE_FE_51#4;DE_FE_51#6;DE_FE_51#7
DE_FE_51	part_9	DE_FE_51#0;DE_FE_51#1;DE_FE_51#10;DE_FE_51#11;DE_FE_51#13;DE_FE_51#14;DE_FE_51#15;DE_FE_51#16;DE_FE_51#17;DE_FE_51#18;DE_FE_51#19;DE_FE_51#3;DE_FE_51#5;DE_FE_51#7;DE_FE_51#8;DE_FE_51#9
DE_FE_53	part_1	DE_FE_53#1;DE_FE_53#2;DE_FE_53#3;DE_FE_53#4
DE_FE_53	part_10	DE_FE_53#0;DE_FE_53#1;DE_FE_53#2;DE_FE_53#4
DE_FE_53	part_2	DE_FE_53#0;DE_FE_53#2;DE_FE_53#3;DE_FE_53#4
DE_FE_53	part_3	DE_FE_53#0;DE_FE_53#1;DE_FE_53#3;DE_FE_53#4
DE_FE_53	part_4	DE_FE_53#0;DE_FE_53#1;DE_FE_53#2;DE_FE_53#3
DE_FE_53	part_5	DE_FE_53#0;DE_FE_53#1;DE_FE_53#3;DE_FE_53#4
DE_FE_53	part_6	DE_FE_53#0;DE_FE_53#1;DE_FE_53#2;DE_FE_53#4
DE_FE_53	part_7	DE_FE_53#0;DE_FE_53#1;DE_FE_53#2;DE_FE_53#3
DE_FE_53	part_8	DE_FE_53#0;DE_FE_53#2;DE_FE_53#3;DE_FE_53#4
DE_FE_53	part_9	DE_FE_53#1;DE_FE_53#2;DE_FE_53#3;DE_FE_53#4
DE_FE_54	part_1	DE_FE_54#1;DE_FE_54#2
DE_FE_54	part_10	DE_FE_54#0;DE_FE_54#1
DE_FE_54	part_2	DE_FE_54#0;DE_FE_54#1
DE_FE_54	part_3	DE_FE_54#0;DE_FE_54#1
DE_FE_54	part_4	DE_FE_54#0;DE_FE_54#2
DE_FE_54	part_5	DE_FE_54#0;DE_FE_54#2
DE_FE_54	part_6	DE_FE_54#0;DE_FE_54#2
DE_FE_54	part_7	DE_FE_54#1;DE_FE_54#2
DE_FE_54	part_8	DE_FE_54#0;DE_FE_54#1
DE_FE_54	part_9	DE_FE_54#1;DE_FE_54#2
DE_FE_59	part_1	DE_FE_59#0;DE_FE_59#1;DE_FE_59#2;DE_FE_59#3;DE_FE_59#4;DE_FE_59#6
DE_FE_59	part_10	DE_FE_59#0;DE_FE_59#1;DE_FE_59#4;DE_FE_59#5;DE_FE_59#6;DE_FE_59#7
DE_FE_59	part_2	DE_FE_59#1;DE_FE_59#2;DE_FE_59#3;DE_FE_59#4;DE_FE_59#5;DE_FE_59#7
DE_FE_59	part_3	DE_FE_59#0;DE_FE_59#1;DE_FE_59#2;DE_FE_59#3;DE_FE_59#4;DE_FE_59#6
DE_FE_59	part_4	DE_FE_59#0;DE_FE_59#1;DE_FE_59#4;DE_FE_59#5;DE_FE_59#6;DE_FE_59#7
DE_FE_59	part_5	DE_FE_59#1;DE_FE_59#2;DE_FE_59#3;DE_FE_59#4;DE_FE_59#5;DE_FE_59#7
DE_FE_59	part_6	DE_FE_59#1;DE_FE_59#2;DE_FE_59#3;DE_FE_59#4;DE_FE_59#5;DE_FE_59#7
DE_FE_59	part_7	DE_FE_59#0;DE_FE_59#1;DE_FE_59#4;DE_FE_59#5;DE_FE_59#6;DE_FE_59#7
DE_FE_59	part_8	DE_FE_59#0;DE_FE_59#2;DE_FE_59#3;DE_FE_59#5;DE_FE_59#6;DE_FE_59#7
DE_FE_59	part_9	DE_FE_59#0;DE_FE_59#2;DE_FE_59#3;DE_FE_59#5;DE_FE_59#6;DE_FE_59#7
DE_FE_62	part_1	DE_FE_62#0;DE_FE_62#1;DE_FE_62#10;DE_FE_62#12;DE_FE_62#13;DE_FE_62#14;DE_FE_62#2;DE_FE_62#3;DE_FE_62#4;DE_FE_62#5;DE_FE_62#6;DE_FE_62#7;DE_FE_62#8;DE_FE_62#9
DE_FE_62	part_10	DE_FE_62#0;DE_FE_62#10;DE_FE_62#11;DE_FE_62#12;DE_FE_62#13;DE_FE_62#14;DE_FE_62#15;DE_FE_62#16;DE_FE_62#2;DE_FE_62#3;DE_FE_62#4;DE_FE_62#6;DE_FE_62#7;DE_FE_62#9
DE_FE_62	part_2	DE_FE_62#1;DE_FE_62#10;DE_FE_62#11;DE_FE_62#12;DE_FE_62#14;DE_FE_62#15;DE_FE_62#16;DE_FE_62#2;DE_FE_62#3;DE_FE_62#4;DE_FE_62#5;DE_FE_62#6;DE_FE_62#7;DE_FE_62#8
DE_FE_62	part_3	DE_FE_62#0;DE_FE_62#1;DE_FE_62#10;DE_FE_62#11;DE_FE_62#12;DE_FE_62#13;DE_FE_62#14;DE_FE_62#15;DE_FE_62#16;DE_FE_62#2;DE_FE_62#3;DE_FE_62#4;DE_FE_62#5;DE_FE_62#8
DE_FE_62	part_4	DE_FE_62#0;DE_FE_62#10;DE_FE_62#11;DE_FE_62#12;DE_FE_62#13;DE_FE_62#15;DE_FE_62#16;DE_FE_62#2;DE_FE_62#3;DE_FE_62#4;DE_FE_62#6;DE_FE_62#7;DE_FE_62#8;DE_FE_62#9
DE_FE_62	part_5	DE_FE_62#0;DE_FE_62#1;DE_FE_62#10;DE_FE_62#11;DE_FE_62#13;DE_FE_62#14;DE_FE_62#15;DE_FE_62#2;DE_FE_62#4;DE_FE_62#5;DE_FE_62#6;DE_FE_62#7;DE_FE_62#8;DE_FE_62#9
DE_FE_62	part_6	DE_FE_62#1;DE_FE_62#10;DE_FE_62#11;DE_FE_62#12;DE_FE_62#15;DE_FE_62#16;DE_FE_62#2;DE_FE_62#3;DE_FE_62#4;DE_FE_62#5;DE_FE_62#6;DE_FE_62#7;DE_FE_62#8;DE_FE_62#9
DE_FE_62	part_7	DE_FE_62#0;DE_FE_62#1;DE_FE_62#11;DE_FE_62#12;DE_FE_62#13;DE_FE_62#14;DE_FE_62#15;DE_FE_62#16;DE_FE_62#3;DE_FE_62#5;DE_FE_62#6;DE_FE_62#7;DE_FE_62#8;DE_FE_62#9
DE_FE_62	part_8	DE_FE_62#0;DE_FE_62#1;DE_FE_62#10;DE_FE_62#11;DE_FE_62#13;DE_FE_62#14;DE_FE_62#15;DE_FE_62#16;DE_FE_62#2;DE_FE_62#4;DE_FE_62#5;DE_FE_62#6;DE_FE_62#7;DE_FE_62#9
DE_FE_62	part_9	DE_FE_62#0;DE_FE_62#1;DE_FE_62#11;DE_FE_62#12;DE_FE_62#13;DE_FE_62#14;DE_FE_62#15;DE_FE_62#16;DE_FE_62#2;DE_FE_62#3;DE_FE_62#4;DE_FE_62#5;DE_FE_62#8;DE_FE_62#9
DE_FE_70	part_1	DE_FE_70#0;DE_FE_70#1;DE_FE_70#2;DE_FE_70#3;DE_FE_70#4;DE_FE_70#5;DE_FE_70#6;DE_FE_70#7;DE_FE_70#9
DE_FE_70	part_10	DE_FE_70#0;DE_FE_70#1;DE_FE_70#10;DE_FE_70#2;DE_FE_70#3;DE_FE_70#5;DE_FE_70#6;DE_FE_70#7;DE_FE_70#8
DE_FE_70	part_2	DE_FE_70#0;DE_FE_70#1;DE_FE_70#10;DE_FE_70#2;DE_FE_70#3;DE_FE_70#4;DE_FE_70#5;DE_FE_70#6;DE_FE_70#8
DE_FE_70	part_3	DE_FE_70#0;DE_FE_70#1;DE_FE_70#10;DE_FE_70#2;DE_FE_70#4;DE_FE_70#5;DE_FE_70#6;DE_FE_70#7;DE_FE_70#9
DE_FE_70	part_4	DE_FE_70#0;DE_FE_70#1;DE_FE_70#10;DE_FE_70#3;DE_FE_70#4;DE_FE_70#5;DE_FE_70#6;DE_FE_70#8;DE_FE_70#9
DE_FE_70	part_5	DE_FE_70#10;DE_FE_70#2;DE_FE_70#3;DE_FE_70#4;DE_FE_70#5;DE_FE_70#6;DE_FE_70#7;DE_FE_70#8;DE_FE_70#9
DE_FE_70	part_6	DE_FE_70#1;DE_FE_70#10;DE_FE_70#3;DE_FE_70#4;DE_FE_70#5;DE_FE_70#6;DE_FE_70#7;DE_FE_70#8;DE_FE_70#9
DE_FE_70	part_7	DE_FE_70#0;DE_FE_70#1;DE_FE_70#2;DE_FE_70#3;DE_FE_70#4;DE_FE_70#6;DE_FE_70#7;DE_FE_70#8;DE_FE_70#9
DE_FE_70	part_8	DE_FE_70#0;DE_FE_70#1;DE_FE_70#10;DE_FE_70#2;DE_FE_70#3;DE_FE_70#5;DE_FE_70#7;DE_FE_70#8;DE_FE_70#9
DE_FE_70	part_9	DE_FE_70#0;DE_FE_70#1;DE_FE_70#10;DE_FE_70#2;DE_FE_70#4;DE_FE_70#5;DE_FE_70#7;DE_FE_70#8;DE_FE_70#9
DE_FE_71	part_1	DE_FE_71#1;DE_FE_71#10;DE_FE_71#13;DE_FE_71#14;DE_FE_71#15;DE_FE_71#16;DE_FE_71#17;DE_FE_71#2;DE_FE_71#3;DE_FE_71#4;DE_FE_71#5;DE_FE_71#6;DE_FE_71#7;DE_FE_71#9
DE_FE_71	part_10	DE_FE_71#1;DE_FE_71#10;DE_FE_71#11;DE_FE_71#12;DE_FE_71#13;DE_FE_71#14;DE_FE_71#15;DE_FE_71#16;DE_FE_71#17;DE_FE_71#2;DE_FE_71#3;DE_FE_71#5;DE_FE_71#7;DE_FE_71#9
DE_FE_71	part_2	DE_FE_71#0;DE_FE_71#1;DE_FE_71#13;DE_FE_71#14;DE_FE_71#15;DE_FE_71#16;DE_FE_71#17;DE_FE_71#3;DE_FE_71#4;DE_FE_71#5;DE_FE_71#6;DE_FE_71#7;DE_FE_71#8;DE_FE_71#9
DE_FE_71	part_3	DE_FE_71#0;DE_FE_71#11;DE_FE_71#12;DE_FE_71#13;DE_FE_71#14;DE_FE_71#15;DE_FE_71#16;DE_FE_71#3;DE_FE_71#4;DE_FE_71#5;DE_FE_71#6;DE_FE_71#7;DE_FE_71#8;DE_FE_71#9
DE_FE_71	part_4	DE_FE_71#0;DE_FE_71#1;DE_FE_71#10;DE_FE_71#11;DE_FE_71#12;DE_FE_71#15;DE_FE_71#16;DE_FE_71#17;DE_FE_71#2;DE_FE_71#3;DE_FE_71#4;DE_FE_71#6;DE_FE_71#7;DE_FE_71#8
DE_FE_71	part_5	DE_FE_71#0;DE_FE_71#1;DE_FE_71#10;DE_FE_71#11;DE_FE_71#12;DE_FE_71#16;DE_FE_71#17;DE_FE_71#2;DE_FE_71#3;DE_FE_71#4;DE_FE_71#5;DE_FE_71#6;DE_FE_71#8;DE_FE_71#9
DE_FE_71	part_6	DE_FE_71#0;DE_FE_71#1;DE_FE_71#10;DE_FE_71#11;DE_FE_71#12;DE_FE_71#13;DE_FE_71#14;DE_FE_71#15;DE_FE_71#17;DE_FE_71#2;DE_FE_71#5;DE_FE_71#7;DE_FE_71#8;DE_FE_71#9
DE_FE_71	part_7	DE_FE_71#0;DE_FE_71#1;DE_FE_71#10;DE_FE_71#11;DE_FE_71#12;DE_FE_71#13;DE_FE_71#14;DE_FE_71#15;DE_FE_71#17;DE_FE_71#2;DE_FE_71#4;DE_FE_71#6;DE_FE_71#7;DE_FE_71#8
DE_FE_71	part_8	DE_FE_71#1;DE_FE_71#10;DE_FE_71#11;DE_FE_71#12;DE_FE_71#13;DE_FE_71#14;DE_FE_71#15;DE_FE_71#16;DE_FE_71#17;DE_FE_71#2;DE_FE_71#3;DE_FE_71#5;DE_FE_71#7;DE_FE_71#9
DE_FE_71	part_9	DE_FE_71#0;DE_FE_71#10;DE_FE_71#11;DE_FE_71#12;DE_FE_71#13;DE_FE_71#14;DE_FE_71#16;DE_FE_71#2;DE_FE_71#3;DE_FE_71#4;DE_FE_71#5;DE_FE_71#6;DE_FE_71#8;DE_FE_71#9
DE_FE_72	part_1	DE_FE_72#0;DE_FE_72#1;DE_FE_72#10;DE_FE_72#2;DE_FE_72#3;DE_FE_72#5;DE_FE_72#6;DE_FE_72#8;DE_FE_72#9
DE_FE_72	part_10	DE_FE_72#0;DE_FE_72#10;DE_FE_72#2;DE_FE_72#3;DE_FE_72#4;DE_FE_72#5;DE_FE_72#7;DE_FE_72#8;DE_FE_72#9
DE_FE_72	part_2	DE_FE_72#0;DE_FE_72#10;DE_FE_72#2;DE_FE_72#3;DE_FE_72#4;DE_FE_72#5;DE_FE_72#6;DE_FE_72#7;DE_FE_72#9
DE_FE_72	part_3	DE_FE_72#0;DE_FE_72#1;DE_FE_72#10;DE_FE_72#2;DE_FE_72#3;DE_FE_72#6;DE_FE_72#7;DE_FE_72#8;DE_FE_72#9
DE_FE_72	part_4	DE_FE_72#0;DE_FE_72#1;DE_FE_72#3;DE_FE_72#4;DE_FE_72#5;DE_FE_72#6;DE_FE_72#7;DE_FE_72#8;DE_FE_72#9
DE_FE_72	part_5	DE_FE_72#0;DE_FE_72#1;DE_FE_72#10;DE_FE_72#2;DE_FE_72#3;DE_FE_72#4;DE_FE_72#5;DE_FE_72#6;DE_FE_72#8
DE_FE_72	part_6	DE_FE_72#0;DE_FE_72#1;DE_FE_72#10;DE_FE_72#4;DE_FE_72#5;DE_FE_72#6;DE_FE_72#7;DE_FE_72#8;DE_FE_72#9
DE_FE_72	part_7	DE_FE_72#1;DE_FE_72#10;DE_FE_72#2;DE_FE_72#3;DE_FE_72#4;DE_FE_72#5;DE_FE_72#7;DE_FE_72#8;DE_FE_72#9
DE_FE_72	part_8	DE_FE_72#1;DE_FE_72#10;DE_FE_72#2;DE_FE_72#3;DE_FE_72#4;DE_FE_72#6;DE_FE_72#7;DE_FE_72#8;DE_FE_72#9
DE_FE_72	part_9	DE_FE_72#0;DE_FE_72#1;DE_FE_72#2;DE_FE_72#3;DE_FE_72#4;DE_FE_72#5;DE_FE_72#6;DE_FE_72#7;DE_FE_72#8
DE_FE_86	part_1	DE_FE_86#1;DE_FE_86#100;DE_FE_86#101;DE_FE_86#102;DE_FE_86#103;DE_FE_86#104;DE_FE_86#105;DE_FE_86#106;DE_FE_86#107;DE_FE_86#108;DE_FE_86#109;DE_FE_86#11;DE_FE_86#112;DE_FE_86#113;DE_FE_86#115;DE_FE_86#117;DE_FE_86#12;DE_FE_86#14;DE_FE_86#15;DE_FE_86#16;DE_FE_86#17;DE_FE_86#18;DE_FE_86#19;DE_FE_86#2;DE_FE_86#20;DE_FE_86#21;DE_FE_86#22;DE_FE_86#23;DE_FE_86#24;DE_FE_86#25;DE_FE_86#26;DE_FE_86#27;DE_FE_86#28;DE_FE_86#29;DE_FE_86#30;DE_FE_86#31;DE_FE_86#32;DE_FE_86#33;DE_FE_86#35;DE_FE_86#36;DE_FE_86#37;DE_FE_86#38;DE_FE_86#39;DE_FE_86#4;DE_FE_86#40;DE_FE_86#41;DE_FE_86#42;DE_FE_86#43;DE_FE_86#44;DE_FE_86#45;DE_FE_86#46;DE_FE_86#47;DE_FE_86#5;DE_FE_86#50;DE_FE_86#51;DE_FE_86#52;DE_FE_86#53;DE_FE_86#54;DE_FE_86#55;DE_FE_86#56;DE_FE_86#57;DE_FE_86#58;DE_FE_86#59;DE_FE_86#6;DE_FE_86#61;DE_FE_86#62;DE_FE_86#63;DE_FE_86#64;DE_FE_86#65;DE_FE_86#66;DE_FE_86#67;DE_FE_86#68;DE_FE_86#69;DE_FE_86#7;DE_FE_86#72;DE_FE_86#74;DE_FE_86#75;DE_FE_86#76;DE_FE_86#77;DE_FE_86#78;DE_FE_86#79;DE_FE_86#8;DE_FE_86#81;DE_FE_86#83;DE_FE_86#85;DE_FE_86#88;DE_FE_86#89;DE_FE_86#9;DE_FE_86#91;DE_FE_86#92;DE_FE_86#94;DE_FE_86#95;DE_FE_86#96;DE_FE_86#98
DE_FE_86	part_10	DE_FE_86#1;DE_FE_86#100;DE_FE_86#101;DE_FE_86#102;DE_FE_86#103;DE_FE_86#104;DE_FE_86#105;DE_FE_86#106;DE_FE_86#107;DE_FE_86#108;DE_FE_86#109;DE_FE_86#11;DE_FE_86#112;DE_FE_86#113;DE_FE_86#114;DE_FE_86#115;DE_FE_86#117;DE_FE_86#12;DE_FE_86#14;DE_FE_86#15;DE_FE_86#16;DE_FE_86#17;DE_FE_86#18;DE_FE_86#19;DE_FE_86#2;DE_FE_86#20;DE_FE_86#21;DE_FE_86#22;DE_FE_86#23;DE_FE_86#24;DE_FE_86#25;DE_FE_86#26;DE_FE_86#27;DE_FE_86#28;DE_FE_86#29;DE_FE_86#30;DE_FE_86#31;DE_FE_86#32;DE_FE_86#33;DE_FE_86#35;DE_FE_86#36;DE_FE_86#37;DE_FE_86#38;DE_FE_86#39;DE_FE_86#4;DE_FE_86#40;DE_FE_86#41;DE_FE_86#42;DE_FE_86#43;DE_FE_86#45;DE_FE_86#46;DE_FE_86#47;DE_FE_86#5;DE_FE_86#50;DE_FE_86#51;DE_FE_86#52;DE_FE_86#53;DE_FE_86#54;DE_FE_86#55;DE_FE_86#56;DE_FE_86#57;DE_FE_86#58;DE_FE_86#59;DE_FE_86#6;DE_FE_86#61;DE_FE_86#62;DE_FE_86#63;DE_FE_86#64;DE_FE_86#65;DE_FE_86#66;DE_FE_86#67;DE_FE_86#68;DE_FE_86#69;DE_FE_86#7;DE_FE_86#72;DE_FE_86#74;DE_FE_86#75;DE_FE_86#76;DE_FE_86#77;DE_FE_86#78;DE_FE_86#8;DE_FE_86#81;DE_FE_86#83;DE_FE_86#85;DE_FE_86#88;DE_FE_86#89;DE_FE_86#9;DE_FE_86#91;DE_FE_86#92;DE_FE_86#94;DE_FE_86#95;DE_FE_86#96;DE_FE_86#97;DE_FE_86#98
DE_FE_86	part_2	DE_FE_86#0;DE_FE_86#1;DE_FE_86#10;DE_FE_86#100;DE_FE_86#101;DE_FE_86#102;DE_FE_86#103;DE_FE_86#104;DE_FE_86#106;DE_FE_86#107;DE_FE_86#108;DE_FE_86#109;DE_FE_86#11;DE_FE_86#110;DE_FE_86#111;DE_FE_86#113;DE_FE_86#114;DE_FE_86#116;DE_FE_86#117;DE_FE_86#13;DE_FE_86#14;DE_FE_86#16;DE_FE_86#2;DE_FE_86#21;DE_FE_86#22;DE_FE_86#23;DE_FE_86#24;DE_FE_86#25;DE_FE_86#26;DE_FE_86#29;DE_FE_86#3;DE_FE_86#31;DE_FE_86#33;DE_FE_86#34;DE_FE_86#35;DE_FE_86#36;DE_FE_86#37;DE_FE_86#39;DE_FE_86#4;DE_FE_86#41;DE_FE_86#42;DE_FE_86#43;DE_FE_86#44;DE_FE_86#45;DE_FE_86#47;DE_FE_86#48;DE_FE_86#49;DE_FE_86#5;DE_FE_86#51;DE_FE_86#52;DE_FE_86#55;DE_FE_86#56;DE_FE_86#57;DE_FE_86#58;DE_FE_86#6;DE_FE_86#60;DE_FE_86#61;DE_FE_86#63;DE_FE_86#64;DE_FE_86#65;DE_FE_86#66;DE_FE_86#67;DE_FE_86#68;DE_FE_86#69;DE_FE_86#7;DE_FE_86#70;DE_FE_86#71;DE_FE_86#72;DE_FE_86#73;DE_FE_86#74;DE_FE_86#75;DE_FE_86#76;DE_FE_86#77;DE_FE_86#78;DE_FE_86#79;DE_FE_86#8;DE_FE_86#80;DE_FE_86#81;DE_FE_86#82;DE_FE_86#83;DE_FE_86#84;DE_FE_86#86;DE_FE_86#87;DE_FE_86#88;DE_FE_86#89;DE_FE_86#90;DE_FE_86#92;DE_FE_86#93;DE_FE_86#94;DE_FE_86#95;DE_FE_86#96;DE_FE_86#97;DE_FE_86#98;DE_FE_86#99
DE_FE_86	part_3	DE_FE_86#0;DE_FE_86#1;DE_FE_86#10;DE_FE_86#100;DE_FE_86#101;DE_FE_86#102;DE_FE_86#104;DE_FE_86#107;DE_FE_86#108;DE_FE_86#109;DE_FE_86#11;DE_FE_86#110;DE_FE_86#111;DE_FE_86#113;DE_FE_86#114;DE_FE_86#116;DE_FE_86#117;DE_FE_86#13;DE_FE_86#14;DE_FE_86#16;DE_FE_86#2;DE_FE_86#20;DE_FE_86#21;DE_FE_86#22;DE_FE_86#23;DE_FE_86#24;DE_FE_86#25;DE_FE_86#26;DE_FE_86#29;DE_FE_86#3;DE_FE_86#31;DE_FE_86#33;DE_FE_86#34;DE_FE_86#35;DE_FE_86#36;DE_FE_86#37;DE_FE_86#39;DE_FE_86#4;DE_FE_86#41;DE_FE_86#42;DE_FE_86#43;DE_FE_86#44;DE_FE_86#45;DE_FE_86#47;DE_FE_86#48;DE_FE_86#49;DE_FE_86#5;DE_FE_86#51;DE_FE_86#52;DE_FE_86#55;DE_FE_86#56;DE_FE_86#57;DE_FE_86#58;DE_FE_86#6;DE_FE_86#60;DE_FE_86#61;DE_FE_86#62;DE_FE_86#63;DE_FE_86#64;DE_FE_86#65;DE_FE_86#66;DE_FE_86#67;DE_FE_86#68;DE_FE_86#69;DE_FE_86#7;DE_FE_86#70;DE_FE_86#71;DE_FE_86#72;DE_FE_86#73;DE_FE_86#74;DE_FE_86#75;DE_FE_86#76;DE_FE_86#77;DE_FE_86#78;DE_FE_86#79;DE_FE_86#8;DE_FE_86#80;DE_FE_86#81;DE_FE_86#82;DE_FE_86#83;DE_FE_86#84;DE_FE_86#86;DE_FE_86#87;DE_FE_86#88;DE_FE_86#89;DE_FE_86#90;DE_FE_86#92;DE_FE_86#93;DE_FE_86#94;DE_FE_86#95;DE_FE_86#96;DE_FE_86#97;DE_FE_86#98;DE_FE_86#99
DE_FE_86	part_4	DE_FE_86#0;DE_FE_86#1;DE_FE_86#10;DE_FE_86#100;DE_FE_86#101;DE_FE_86#102;DE_FE_86#104;DE_FE_86#105;DE_FE_86#108;DE_FE_86#11;DE_FE_86#110;DE_FE_86#111;DE_FE_86#112;DE_FE_86#113;DE_FE_86#115;DE_FE_86#116;DE_FE_86#12;DE_FE_86#13;DE_FE_86#14;DE_FE_86#15;DE_FE_86#16;DE_FE_86#17;DE_FE_86#18;DE_FE_86#19;DE_FE_86#2;DE_FE_86#20;DE_FE_86#21;DE_FE_86#22;DE_FE_86#23;DE_FE_86#24;DE_FE_86#26;DE_FE_86#27;DE_FE_86#28;DE_FE_86#29;DE_FE_86#3;DE_FE_86#30;DE_FE_86#32;DE_FE_86#34;DE_FE_86#36;DE_FE_86#37;DE_FE_86#38;DE_FE_86#39;DE_FE_86#4;DE_FE_86#40;DE_FE_86#42;DE_FE_86#43;DE_FE_86#44;DE_FE_86#45;DE_FE_86#46;DE_FE_86#47;DE_FE_86#48;DE_FE_86#49;DE_FE_86#5;DE_FE_86#50;DE_FE_86#51;DE_FE_86#52;DE_FE_86#53;DE_FE_86#54;DE_FE_86#55;DE_FE_86#58;DE_FE_86#59;DE_FE_86#6;DE_FE_86#60;DE_FE_86#62;DE_FE_86#63;DE_FE_86#67;DE_FE_86#69;DE_FE_86#7;DE_FE_86#70;DE_FE_86#71;DE_FE_86#72;DE_FE_86#73;DE_FE_86#74;DE_FE_86#75;DE_FE_86#76;DE_FE_86#79;DE_FE_86#80;DE_FE_86#81;DE_FE_86#82;DE_FE_86#83;DE_FE_86#84;DE_FE_86#85;DE_FE_86#86;DE_FE_86#87;DE_FE_86#9;DE_FE_86#90;DE_FE_86#91;DE_FE_86#92;DE_FE_86#93;DE_FE_86#94;DE_FE_86#95;DE_FE_86#96;DE_FE_86#98;DE_FE_86#99
DE_FE_86	part_5	DE_FE_86#0;DE_FE_86#1;DE_FE_86#10;DE_FE_86#101;DE_FE_86#102;DE_FE_86#103;DE_FE_86#104;DE_FE_86#105;DE_FE_86#106;DE_FE_86#107;DE_FE_86#108;DE_FE_86#109;DE_FE_86#110;DE_FE_86#111;DE_FE_86#112;DE_FE_86#114;DE_FE_86#115;DE_FE_86#116;DE_FE_86#117;DE_FE_86#12;DE_FE_86#13;DE_FE_86#15;DE_FE_86#17;DE_FE_86#18;DE_FE_86#19;DE_FE_86#20;DE_FE_86#21;DE_FE_86#22;DE_FE_86#23;DE_FE_86#24;DE_FE_86#25;DE_FE_86#26;DE_FE_86#27;DE_FE_86#28;DE_FE_86#29;DE_FE_86#3;DE_FE_86#30;DE_FE_86#31;DE_FE_86#32;DE_FE_86#33;DE_FE_86#34;DE_FE_86#35;DE_FE_86#38;DE_FE_86#39;DE_FE_86#40;DE_FE_86#41;DE_FE_86#43;DE_FE_86#45;DE_FE_86#46;DE_FE_86#48;DE_FE_86#49;DE_FE_86#5;DE_FE_86#50;DE_FE_86#51;DE_FE_86#53;DE_FE_86#54;DE_FE_86#55;DE_FE_86#56;DE_FE_86#57;DE_FE_86#59;DE_FE_86#60;DE_FE_86#61;DE_FE_86#62;DE_FE_86#64;DE_FE_86#65;DE_FE_86#66;DE_FE_86#67;DE_FE_86#68;DE_FE_86#70;DE_FE_86#71;DE_FE_86#72;DE_FE_86#73;DE_FE_86#76;DE_FE_86#77;DE_FE_86#78;DE_FE_86#8;DE_FE_86#80;DE_FE_86#82;DE_FE_86#83;DE_FE_86#84;DE_FE_86#85;DE_FE_86#86;DE_FE_86#87;DE_FE_86#88;DE_FE_86#89;DE_FE_86#9;DE_FE_86#90;DE_FE_86#91;DE_FE_86#93;DE_FE_86#94;DE_FE_86#95;DE_FE_86#96;DE_FE_86#97;DE_FE_86#99
DE_FE_86	part_6	DE_FE_86#0;DE_FE_86#10;DE_FE_86#100;DE_FE_86#103;DE_FE_86#105;DE_FE_86#106;DE_FE_86#107;DE_FE_86#109;DE_FE_86#11;DE_FE_86#110;DE_FE_86#111;DE_FE_86#112;DE_FE_86#113;DE_FE_86#114;DE_FE_86#115;DE_FE_86#116;DE_FE_86#117;DE_FE_86#12;DE_FE_86#13;DE_FE_86#14;DE_FE_86#15;DE_FE_86#16;DE_FE_86#17;DE_FE_86#18;DE_FE_86#19;DE_FE_86#2;DE_FE_86#20;DE_FE_86#25;DE_FE_86#27;DE_FE_86#28;DE_FE_86#3;DE_FE_86#30;DE_FE_86#31;DE_FE_86#32;DE_FE_86#33;DE_FE_86#34;DE_FE_86#35;DE_FE_86#36;DE_FE_86#37;DE_FE_86#38;DE_FE_86#4;DE_FE_86#40;DE_FE_86#41;DE_FE_86#42;DE_FE_86#44;DE_FE_86#46;DE_FE_86#47;DE_FE_86#48;DE_FE_86#49;DE_FE_86#50;DE_FE_86#52;DE_FE_86#53;DE_FE_86#54;DE_FE_86#56;DE_FE_86#57;DE_FE_86#58;DE_FE_86#59;DE_FE_86#6;DE_FE_86#60;DE_FE_86#61;DE_FE_86#62;DE_FE_86#63;DE_FE_86#64;DE_FE_86#65;DE_FE_86#66;DE_FE_86#68;DE_FE_86#69;DE_FE_86#7;DE_FE_86#70;DE_FE_86#71;DE_FE_86#73;DE_FE_86#74;DE_FE_86#75;DE_FE_86#77;DE_FE_86#78;DE_FE_86#79;DE_FE_86#8;DE_FE_86#80;DE_FE_86#81;DE_FE_86#82;DE_FE_86#84;DE_FE_86#85;DE_FE_86#86;DE_FE_86#87;DE_FE_86#88;DE_FE_86#89;DE_FE_86#9;DE_FE_86#90;DE_FE_86#91;DE_FE_86#92;DE_FE_86#93;DE_FE_86#97;DE_FE_86#98;DE_FE_86#99
DE_FE_86	part_7	DE_FE_86#0;DE_FE_86#10;DE_FE_86#100;DE_FE_86#103;DE_FE_86#105;DE_FE_86#106;DE_FE_86#107;DE_FE_86#109;DE_FE_86#11;DE_FE_86#110;DE_FE_86#111;DE_FE_86#112;DE_FE_86#113;DE_FE_86#114;DE_FE_86#115;DE_FE_86#116;DE_FE_86#117;DE_FE_86#12;DE_FE_86#13;DE_FE_86#14;DE_FE_86#15;DE_FE_86#16;DE_FE_86#17;DE_FE_86#18;DE_FE_86#19;DE_FE_86#2;DE_FE_86#25;DE_FE_86#27;DE_FE_86#28;DE_FE_86#3;DE_FE_86#30;DE_FE_86#31;DE_FE_86#32;DE_FE_86#33;DE_FE_86#34;DE_FE_86#35;DE_FE_86#36;DE_FE_86#37;DE_FE_86#38;DE_FE_86#39;DE_FE_86#4;DE_FE_86#40;DE_FE_86#41;DE_FE_86#42;DE_FE_86#44;DE_FE_86#46;DE_FE_86#47;DE_FE_86#48;DE_FE_86#49;DE_FE_86#50;DE_FE_86#52;DE_FE_86#53;DE_FE_86#54;DE_FE_86#56;DE_FE_86#57;DE_FE_86#58;DE_FE_86#59;DE_FE_86#6;DE_FE_86#60;DE_FE_86#61;DE_FE_86#63;DE_FE_86#64;DE_FE_86#65;DE_FE_86#66;DE_FE_86#68;DE_FE_86#69;DE_FE_86#7;DE_FE_86#70;DE_FE_86#71;DE_FE_86#73;DE_FE_86#74;DE_FE_86#75;DE_FE_86#76;DE_FE_86#77;DE_FE_86#78;DE_FE_86#79;DE_FE_86#8;DE_FE_86#80;DE_FE_86#81;DE_FE_86#82;DE_FE_86#84;DE_FE_86#85;DE_FE_86#86;DE_FE_86#87;DE_FE_86#88;DE_FE_86#89;DE_FE_86#9;DE_FE_86#90;DE_FE_86#91;DE_FE_86#92;DE_FE_86#93;DE_FE_86#97;DE_FE_86#98;DE_FE_86#99
DE_FE_86	part_8	DE_FE_86#0;DE_FE_86#1;DE_FE_86#10;DE_FE_86#100;DE_FE_86#101;DE_FE_86#102;DE_FE_86#103;DE_FE_86#104;DE_FE_86#105;DE_FE_86#106;DE_FE_86#108;DE_FE_86#11;DE_FE_86#110;DE_FE_86#111;DE_FE_86#112;DE_FE_86#113;DE_FE_86#115;DE_FE_86#116;DE_FE_86#12;DE_FE_86#13;DE_FE_86#14;DE_FE_86#15;DE_FE_86#16;DE_FE_86#17;DE_FE_86#18;DE_FE_86#19;DE_FE_86#2;DE_FE_86#20;DE_FE_86#21;DE_FE_86#22;DE_FE_86#23;DE_FE_86#24;DE_FE_86#26;DE_FE_86#27;DE_FE_86#28;DE_FE_86#29;DE_FE_86#30;DE_FE_86#32;DE_FE_86#34;DE_FE_86#36;DE_FE_86#37;DE_FE_86#38;DE_FE_86#39;DE_FE_86#4;DE_FE_86#40;DE_FE_86#42;DE_FE_86#43;DE_FE_86#44;DE_FE_86#45;DE_FE_86#46;DE_FE_86#47;DE_FE_86#48;DE_FE_86#49;DE_FE_86#5;DE_FE_86#50;DE_FE_86#51;DE_FE_86#52;DE_FE_86#53;DE_FE_86#54;DE_FE_86#55;DE_FE_86#58;DE_FE_86#59;DE_FE_86#6;DE_FE_86#60;DE_FE_86#62;DE_FE_86#63;DE_FE_86#67;DE_FE_86#69;DE_FE_86#7;DE_FE_86#70;DE_FE_86#72;DE_FE_86#73;DE_FE_86#74;DE_FE_86#75;DE_FE_86#76;DE_FE_86#79;DE_FE_86#80;DE_FE_86#81;DE_FE_86#82;DE_FE_86#83;DE_FE_86#84;DE_FE_86#85;DE_FE_86#86;DE_FE_86#87;DE_FE_86#9;DE_FE_86#90;DE_FE_86#91;DE_FE_86#92;DE_FE_86#93;DE_FE_86#94;DE_FE_86#95;DE_FE_86#96;DE_FE_86#98;DE_FE_86#99
DE_FE_86	part_9	DE_FE_86#0;DE_FE_86#1;DE_FE_86#10;DE_FE_86#101;DE_FE_86#102;DE_FE_86#103;DE_FE_86#104;DE_FE_86#105;DE_FE_86#106;DE_FE_86#107;DE_FE_86#108;DE_FE_86#109;DE_FE_86#110;DE_FE_86#111;DE_FE_86#112;DE_FE_86#114;DE_FE_86#115;DE_FE_86#116;DE_FE_86#117;DE_FE_86#12;DE_FE_86#13;DE_FE_86#15;DE_FE_86#17;DE_FE_86#18;DE_FE_86#19;DE_FE_86#20;DE_FE_86#21;DE_FE_86#22;DE_FE_86#23;DE_FE_86#24;DE_FE_86#25;DE_FE_86#26;DE_FE_86#27;DE_FE_86#28;DE_FE_86#29;DE_FE_86#3;DE_FE_86#30;DE_FE_86#31;DE_FE_86#32;DE_FE_86#33;DE_FE_86#34;DE_FE_86#35;DE_FE_86#38;DE_FE_86#40;DE_FE_86#41;DE_FE_86#43;DE_FE_86#44;DE_FE_86#45;DE_FE_86#46;DE_FE_86#48;DE_FE_86#49;DE_FE_86#5;DE_FE_86#50;DE_FE_86#51;DE_FE_86#53;DE_FE_86#54;DE_FE_86#55;DE_FE_86#56;DE_FE_86#57;DE_FE_86#59;DE_FE_86#60;DE_FE_86#61;DE_FE_86#62;DE_FE_86#64;DE_FE_86#65;DE_FE_86#66;DE_FE_86#67;DE_FE_86#68;DE_FE_86#70;DE_FE_86#71;DE_FE_86#72;DE_FE_86#73;DE_FE_86#77;DE_FE_86#78;DE_FE_86#79;DE_FE_86#8;DE_FE_86#80;DE_FE_86#82;DE_FE_86#83;DE_FE_86#84;DE_FE_86#85;DE_FE_86#86;DE_FE_86#87;DE_FE_86#88;DE_FE_86#89;DE_FE_86#9;DE_FE_86#90;DE_FE_86#91;DE_FE_86#93;DE_FE_86#94;DE_FE_86#95;DE_FE_86#96;DE_FE_86#97;DE_FE_86#99
DefMet_FE_43	part_1	DefMet_FE_43#1;DefMet_FE_43#2;DefMet_FE_43#3;DefMet_FE_43#4
DefMet_FE_43	part_10	DefMet_FE_43#0;DefMet_FE_43#1;DefMet_FE_43#2;DefMet_FE_43#3
DefMet_FE_43	part_2	DefMet_FE_43#0;DefMet_FE_43#1;DefMet_FE_43#3;DefMet_FE_43#4
DefMet_FE_43	part_3	DefMet_FE_43#0;DefMet_FE_43#1;DefMet_FE_43#2;DefMet_FE_43#3
DefMet_FE_43	part_4	DefMet_FE_43#0;DefMet_FE_43#1;DefMet_FE_43#2;DefMet_FE_43#4
DefMet_FE_43	part_5	DefMet_FE_43#0;DefMet_FE_43#2;DefMet_FE_43#3;DefMet_FE_43#4
DefMet_FE_43	part_6	DefMet_FE_43#0;DefMet_FE_43#2;DefMet_FE_43#3;DefMet_FE_43#4
DefMet_FE_43	part_7	DefMet_FE_43#0;DefMet_FE_43#1;DefMet_FE_43#3;DefMet_FE_43#4
DefMet_FE_43	part_8	DefMet_FE_43#0;DefMet_FE_43#1;DefMet_FE_43#2;DefMet_FE_43#4
DefMet_FE_43	part_9	DefMet_FE_43#1;DefMet_FE_43#2;DefMet_FE_43#3;DefMet_FE_43#4
Dielectric_BE_20	part_1	Dielectric_BE_20#1;Dielectric_BE_20#2;Dielectric_BE_20#3;Dielectric_BE_20#4
Dielectric_BE_20	part_10	Dielectric_BE_20#0;Dielectric_BE_20#1;Dielectric_BE_20#3;Dielectric_BE_20#4
Dielectric_BE_20	part_2	Dielectric_BE_20#0;Dielectric_BE_20#1;Dielectric_BE_20#2;Dielectric_BE_20#4
Dielectric_BE_20	part_3	Dielectric_BE_20#0;Dielectric_BE_20#2;Dielectric_BE_20#3;Dielectric_BE_20#4
Dielectric_BE_20	part_4	Dielectric_BE_20#0;Dielectric_BE_20#1;Dielectric_BE_20#3;Dielectric_BE_20#4
Dielectric_BE_20	part_5	Dielectric_BE_20#0;Dielectric_BE_20#1;Dielectric_BE_20#2;Dielectric_BE_20#3
Dielectric_BE_20	part_6	Dielectric_BE_20#0;Dielectric_BE_20#1;Dielectric_BE_20#2;Dielectric_BE_20#3
Dielectric_BE_20	part_7	Dielectric_BE_20#0;Dielectric_BE_20#2;Dielectric_BE_20#3;Dielectric_BE_20#4
Dielectric_BE_20	part_8	Dielectric_BE_20#1;Dielectric_BE_20#2;Dielectric_BE_20#3;Dielectric_BE_20#4
Dielectric_BE_20	part_9	Dielectric_BE_20#0;Dielectric_BE_20#1;Dielectric_BE_20#2;Dielectric_BE_20#4
Dielectric_BE_21	part_1	Dielectric_BE_21#0;Dielectric_BE_21#1;Dielectric_BE_21#2;Dielectric_BE_21#4;Dielectric_BE_21#5
Dielectric_BE_21	part_10	Dielectric_BE_21#0;Dielectric_BE_21#1;Dielectric_BE_21#2;Dielectric_BE_21#3;Dielectric_BE_21#4
Dielectric_BE_21	part_2	Dielectric_BE_21#0;Dielectric_BE_21#1;Dielectric_BE_21#2;Dielectric_BE_21#3;Dielectric_BE_21#5
Dielectric_BE_21	part_3	Dielectric_BE_21#1;Dielectric_BE_21#2;Dielectric_BE_21#3;Dielectric_BE_21#4;Dielectric_BE_21#5
Dielectric_BE_21	part_4	Dielectric_BE_21#0;Dielectric_BE_21#2;Dielectric_BE_21#3;Dielectric_BE_21#4;Dielectric_BE_21#5
Dielectric_BE_21	part_5	Dielectric_BE_21#0;Dielectric_BE_21#2;Dielectric_BE_21#3;Dielectric_BE_21#4;Dielectric_BE_21#5
Dielectric_BE_21	part_6	Dielectric_BE_21#0;Dielectric_BE_21#1;Dielectric_BE_21#2;Dielectric_BE_21#4;Dielectric_BE_21#5
Dielectric_BE_21	part_7	Dielectric_BE_21#0;Dielectric_BE_21#1;Dielectric_BE_21#3;Dielectric_BE_21#4;Dielectric_BE_21#5
Dielectric_BE_21	part_8	Dielectric_BE_21#1;Dielectric_BE_21#2;Dielectric_BE_21#3;Dielectric_BE_21#4;Dielectric_BE_21#5
Dielectric_BE_21	part_9	Dielectric_BE_21#0;Dielectric_BE_21#1;Dielectric_BE_21#3;Dielectric_BE_21#4;Dielectric_BE_21#5
Dielectric_BE_27	part_1	Dielectric_BE_27#0;Dielectric_BE_27#1;Dielectric_BE_27#10;Dielectric_BE_27#11;Dielectric_BE_27#3;Dielectric_BE_27#4;Dielectric_BE_27#5;Dielectric_BE_27#7;Dielectric_BE_27#8;Dielectric_BE_27#9
Dielectric_BE_27	part_10	Dielectric_BE_27#0;Dielectric_BE_27#1;Dielectric_BE_27#2;Dielectric_BE_27#3;Dielectric_BE_27#4;Dielectric_BE_27#5;Dielectric_BE_27#6;Dielectric_BE_27#7;Dielectric_BE_27#8;Dielectric_BE_27#9
Dielectric_BE_27	part_2	Dielectric_BE_27#1;Dielectric_BE_27#10;Dielectric_BE_27#11;Dielectric_BE_27#2;Dielectric_BE_27#3;Dielectric_BE_27#4;Dielectric_BE_27#6;Dielectric_BE_27#7;Dielectric_BE_27#8;Dielectric_BE_27#9
Dielectric_BE_27	part_3	Dielectric_BE_27#0;Dielectric_BE_27#1;Dielectric_BE_27#10;Dielectric_BE_27#11;Dielectric_BE_27#2;Dielectric_BE_27#3;Dielectric_BE_27#5;Dielectric_BE_27#6;Dielectric_BE_27#7;Dielectric_BE_27#8
Dielectric_BE_27	part_4	Dielectric_BE_27#1;Dielectric_BE_27#10;Dielectric_BE_27#11;Dielectric_BE_27#2;Dielectric_BE_27#3;Dielectric_BE_27#4;Dielectric_BE_27#6;Dielectric_BE_27#7;Dielectric_BE_27#8;Dielectric_BE_27#9
Dielectric_BE_27	part_5	Dielectric_BE_27#0;Dielectric_BE_27#1;Dielectric_BE_27#10;Dielectric_BE_27#11;Dielectric_BE_27#2;Dielectric_BE_27#4;Dielectric_BE_27#5;Dielectric_BE_27#6;Dielectric_BE_27#8;Dielectric_BE_27#9
Dielectric_BE_27	part_6	Dielectric_BE_27#0;Dielectric_BE_27#10;Dielectric_BE_27#11;Dielectric_BE_27#2;Dielectric_BE_27#3;Dielectric_BE_27#4;Dielectric_BE_27#5;Dielectric_BE_27#6;Dielectric_BE_27#7;Dielectric_BE_27#9
Dielectric_BE_27	part_7	Dielectric_BE_27#0;Dielectric_BE_27#1;Dielectric_BE_27#2;Dielectric_BE_27#3;Dielectric_BE_27#4;Dielectric_BE_27#5;Dielectric_BE_27#6;Dielectric_BE_27#7;Dielectric_BE_27#8;Dielectric_BE_27#9
Dielectric_BE_27	part_8	Dielectric_BE_27#0;Dielectric_BE_27#10;Dielectric_BE_27#11;Dielectric_BE_27#2;Dielectric_BE_27#3;Dielectric_BE_27#4;Dielectric_BE_27#5;Dielectric_BE_27#6;Dielectric_BE_27#7;Dielectric_BE_27#9
Dielectric_BE_27	part_9	Dielectric_BE_27#0;Dielectric_BE_27#1;Dielectric_BE_27#10;Dielectric_BE_27#11;Dielectric_BE_27#3;Dielectric_BE_27#4;Dielectric_BE_27#5;Dielectric_BE_27#7;Dielectric_BE_27#8;Dielectric_BE_27#9
Dielectric_BE_28	part_1	Dielectric_BE_28#0;Dielectric_BE_28#1
Dielectric_BE_28	part_10	Dielectric_BE_28#0;Dielectric_BE_28#1
Dielectric_BE_28	part_2	Dielectric_BE_28#0;Dielectric_BE_28#2
Dielectric_BE_28	part_3	Dielectric_BE_28#0;Dielectric_BE_28#2
Dielectric_BE_28	part_4	Dielectric_BE_28#0;Dielectric_BE_28#1
Dielectric_BE_28	part_5	Dielectric_BE_28#0;Dielectric_BE_28#2
Dielectric_BE_28	part_6	Dielectric_BE_28#1;Dielectric_BE_28#2
Dielectric_BE_28	part_7	Dielectric_BE_28#1;Dielectric_BE_28#2
Dielectric_BE_28	part_8	Dielectric_BE_28#1;Dielectric_BE_28#2
Dielectric_BE_28	part_9	Dielectric_BE_28#0;Dielectric_BE_28#1
Dielectric_BE_60	part_1	Dielectric_BE_60#0;Dielectric_BE_60#2;Dielectric_BE_60#3;Dielectric_BE_60#4;Dielectric_BE_60#5
Dielectric_BE_60	part_10	Dielectric_BE_60#0;Dielectric_BE_60#1;Dielectric_BE_60#3;Dielectric_BE_60#4;Dielectric_BE_60#5
Dielectric_BE_60	part_2	Dielectric_BE_60#0;Dielectric_BE_60#1;Dielectric_BE_60#2;Dielectric_BE_60#4;Dielectric_BE_60#5
Dielectric_BE_60	part_3	Dielectric_BE_60#0;Dielectric_BE_60#1;Dielectric_BE_60#2;Dielectric_BE_60#3;Dielectric_BE_60#4
Dielectric_BE_60	part_4	Dielectric_BE_60#1;Dielectric_BE_60#2;Dielectric_BE_60#3;Dielectric_BE_60#4;Dielectric_BE_60#5
Dielectric_BE_60	part_5	Dielectric_BE_60#0;Dielectric_BE_60#1;Dielectric_BE_60#2;Dielectric_BE_60#3;Dielectric_BE_60#5
Dielectric_BE_60	part_6	Dielectric_BE_60#0;Dielectric_BE_60#1;Dielectric_BE_60#2;Dielectric_BE_60#3;Dielectric_BE_60#5
Dielectric_BE_60	part_7	Dielectric_BE_60#0;Dielectric_BE_60#1;Dielectric_BE_60#2;Dielectric_BE_60#3;Dielectric_BE_60#4
Dielectric_BE_60	part_8	Dielectric_BE_60#1;Dielectric_BE_60#2;Dielectric_BE_60#3;Dielectric_BE_60#4;Dielectric_BE_60#5
Dielectric_BE_60	part_9	Dielectric_BE_60#0;Dielectric_BE_60#1;Dielectric_BE_60#3;Dielectric_BE_60#4;Dielectric_BE_60#5
Dielectric_FE_112	part_1	Dielectric_FE_112#0;Dielectric_FE_112#1;Dielectric_FE_112#2;Dielectric_FE_112#3;Dielectric_FE_112#4;Dielectric_FE_112#7;Dielectric_FE_112#8
Dielectric_FE_112	part_10	Dielectric_FE_112#0;Dielectric_FE_112#1;Dielectric_FE_112#2;Dielectric_FE_112#5;Dielectric_FE_112#6;Dielectric_FE_112#7;Dielectric_FE_112#8
Dielectric_FE_112	part_2	Dielectric_FE_112#0;Dielectric_FE_112#1;Dielectric_FE_112#2;Dielectric_FE_112#5;Dielectric_FE_112#6;Dielectric_FE_112#7;Dielectric_FE_112#8
Dielectric_FE_112	part_3	Dielectric_FE_112#1;Dielectric_FE_112#2;Dielectric_FE_112#3;Dielectric_FE_112#4;Dielectric_FE_112#5;Dielectric_FE_112#6;Dielectric_FE_112#7
Dielectric_FE_112	part_4	Dielectric_FE_112#0;Dielectric_FE_112#1;Dielectric_FE_112#2;Dielectric_FE_112#3;Dielectric_FE_112#4;Dielectric_FE_112#5;Dielectric_FE_112#8
Dielectric_FE_112	part_5	Dielectric_FE_112#0;Dielectric_FE_112#2;Dielectric_FE_112#3;Dielectric_FE_112#4;Dielectric_FE_112#5;Dielectric_FE_112#6;Dielectric_FE_112#7
Dielectric_FE_112	part_6	Dielectric_FE_112#0;Dielectric_FE_112#1;Dielectric_FE_112#3;Dielectric_FE_112#4;Dielectric_FE_112#5;Dielectric_FE_112#6;Dielectric_FE_112#8
Dielectric_FE_112	part_7	Dielectric_FE_112#0;Dielectric_FE_112#2;Dielectric_FE_112#4;Dielectric_FE_112#5;Dielectric_FE_112#6;Dielectric_FE_112#7;Dielectric_FE_112#8
Dielectric_FE_112	part_8	Dielectric_FE_112#1;Dielectric_FE_112#2;Dielectric_FE_112#3;Dielectric_FE_112#4;Dielectric_FE_112#6;Dielectric_FE_112#7;Dielectric_FE_112#8
Dielectric_FE_112	part_9	Dielectric_FE_112#0;Dielectric_FE_112#1;Dielectric_FE_112#3;Dielectric_FE_112#5;Dielectric_FE_112#6;Dielectric_FE_112#7;Dielectric_FE_112#8
Dielectric_FE_130	part_1	Dielectric_FE_130#0;Dielectric_FE_130#1;Dielectric_FE_130#3
Dielectric_FE_130	part_10	Dielectric_FE_130#1;Dielectric_FE_130#2;Dielectric_FE_130#3
Dielectric_FE_130	part_2	Dielectric_FE_130#0;Dielectric_FE_130#2;Dielectric_FE_130#3
Dielectric_FE_130	part_3	Dielectric_FE_130#0;Dielectric_FE_130#1;Dielectric_FE_130#3
Dielectric_FE_130	part_4	Dielectric_FE_130#1;Dielectric_FE_130#2;Dielectric_FE_130#3
Dielectric_FE_130	part_5	Dielectric_FE_130#0;Dielectric_FE_130#2;Dielectric_FE_130#3
Dielectric_FE_130	part_6	Dielectric_FE_130#1;Dielectric_FE_130#2;Dielectric_FE_130#3
Dielectric_FE_130	part_7	Dielectric_FE_130#0;Dielectric_FE_130#1;Dielectric_FE_130#2
Dielectric_FE_130	part_8	Dielectric_FE_130#0;Dielectric_FE_130#1;Dielectric_FE_130#2
Dielectric_FE_130	part_9	Dielectric_FE_130#0;Dielectric_FE_130#1;Dielectric_FE_130#3
Dielectric_FE_29	part_1	Dielectric_FE_29#0;Dielectric_FE_29#2
Dielectric_FE_29	part_10	Dielectric_FE_29#1;Dielectric_FE_29#2
Dielectric_FE_29	part_2	Dielectric_FE_29#0;Dielectric_FE_29#1
Dielectric_FE_29	part_3	Dielectric_FE_29#1;Dielectric_FE_29#2
Dielectric_FE_29	part_4	Dielectric_FE_29#0;Dielectric_FE_29#2
Dielectric_FE_29	part_5	Dielectric_FE_29#0;Dielectric_FE_29#1
Dielectric_FE_29	part_6	Dielectric_FE_29#1;Dielectric_FE_29#2
Dielectric_FE_29	part_7	Dielectric_FE_29#0;Dielectric_FE_29#1
Dielectric_FE_29	part_8	Dielectric_FE_29#1;Dielectric_FE_29#2
Dielectric_FE_29	part_9	Dielectric_FE_29#0;Dielectric_FE_29#2
Dielectric_FE_31	part_1	Dielectric_FE_31#0;Dielectric_FE_31#1;Dielectric_FE_31#2
Dielectric_FE_31	part_10	Dielectric_FE_31#0;Dielectric_FE_31#1;Dielectric_FE_31#2
Dielectric_FE_31	part_2	Dielectric_FE_31#0;Dielectric_FE_31#1;Dielectric_FE_31#2
Dielectric_FE_31	part_3	Dielectric_FE_31#0;Dielectric_FE_31#2;Dielectric_FE_31#3
Dielectric_FE_31	part_4	Dielectric_FE_31#0;Dielectric_FE_31#2;Dielectric_FE_31#3
Dielectric_FE_31	part_5	Dielectric_FE_31#1;Dielectric_FE_31#2;Dielectric_FE_31#3
Dielectric_FE_31	part_6	Dielectric_FE_31#1;Dielectric_FE_31#2;Dielectric_FE_31#3
Dielectric_FE_31	part_7	Dielectric_FE_31#0;Dielectric_FE_31#1;Dielectric_FE_31#3
Dielectric_FE_31	part_8	Dielectric_FE_31#1;Dielectric_FE_31#2;Dielectric_FE_31#3
Dielectric_FE_31	part_9	Dielectric_FE_31#0;Dielectric_FE_31#1;Dielectric_FE_31#3
Diffusion_BE_123	part_1	Diffusion_BE_123#0;Diffusion_BE_123#1;Diffusion_BE_123#2;Diffusion_BE_123#3;Diffusion_BE_123#6;Diffusion_BE_123#7;Diffusion_BE_123#8
Diffusion_BE_123	part_10	Diffusion_BE_123#0;Diffusion_BE_123#1;Diffusion_BE_123#3;Diffusion_BE_123#4;Diffusion_BE_123#6;Diffusion_BE_123#7;Diffusion_BE_123#8
Diffusion_BE_123	part_2	Diffusion_BE_123#0;Diffusion_BE_123#1;Diffusion_BE_123#2;Diffusion_BE_123#3;Diffusion_BE_123#4;Diffusion_BE_123#5;Diffusion_BE_123#8
Diffusion_BE_123	part_3	Diffusion_BE_123#0;Diffusion_BE_123#1;Diffusion_BE_123#2;Diffusion_BE_123#3;Diffusion_BE_123#4;Diffusion_BE_123#5;Diffusion_BE_123#7
Diffusion_BE_123	part_4	Diffusion_BE_123#0;Diffusion_BE_123#2;Diffusion_BE_123#4;Diffusion_BE_123#5;Diffusion_BE_123#6;Diffusion_BE_123#7;Diffusion_BE_123#8
Diffusion_BE_123	part_5	Diffusion_BE_123#1;Diffusion_BE_123#2;Diffusion_BE_123#3;Diffusion_BE_123#4;Diffusion_BE_123#5;Diffusion_BE_123#6;Diffusion_BE_123#8
Diffusion_BE_123	part_6	Diffusion_BE_123#0;Diffusion_BE_123#1;Diffusion_BE_123#2;Diffusion_BE_123#3;Diffusion_BE_123#5;Diffusion_BE_123#6;Diffusion_BE_123#7
Diffusion_BE_123	part_7	Diffusion_BE_123#1;Diffusion_BE_123#2;Diffusion_BE_123#3;Diffusion_BE_123#4;Diffusion_BE_123#5;Diffusion_BE_123#6;Diffusion_BE_123#8
Diffusion_BE_123	part_8	Diffusion_BE_123#0;Diffusion_BE_123#1;Diffusion_BE_123#4;Diffusion_BE_123#5;Diffusion_BE_123#6;Diffusion_BE_123#7;Diffusion_BE_123#8
Diffusion_BE_123	part_9	Diffusion_BE_123#2;Diffusion_BE_123#3;Diffusion_BE_123#4;Diffusion_BE_123#5;Diffusion_BE_123#6;Diffusion_BE_123#7;Diffusion_BE_123#8
Diffusion_FE_100	part_1	Diffusion_FE_100#1;Diffusion_FE_100#2
Diffusion_FE_100	part_10	Diffusion_FE_100#0;Diffusion_FE_100#2
Diffusion_FE_100	part_2	Diffusion_FE_100#0;Diffusion_FE_100#1
Diffusion_FE_100	part_3	Diffusion_FE_100#0;Diffusion_FE_100#2
Diffusion_FE_100	part_4	Diffusion_FE_100#0;Diffusion_FE_100#1
Diffusion_FE_100	part_5	Diffusion_FE_100#1;Diffusion_FE_100#2
Diffusion_FE_100	part_6	Diffusion_FE_100#0;Diffusion_FE_100#2
Diffusion_FE_100	part_7	Diffusion_FE_100#1;Diffusion_FE_100#2
Diffusion_FE_100	part_8	Diffusion_FE_100#0;Diffusion_FE_100#1
Diffusion_FE_100	part_9	Diffusion_FE_100#0;Diffusion_FE_100#2
Diffusion_FE_101	part_1	Diffusion_FE_101#0;Diffusion_FE_101#1;Diffusion_FE_101#2;Diffusion_FE_101#3;Diffusion_FE_101#6;Diffusion_FE_101#7;Diffusion_FE_101#8;Diffusion_FE_101#9
Diffusion_FE_101	part_10	Diffusion_FE_101#0;Diffusion_FE_101#2;Diffusion_FE_101#3;Diffusion_FE_101#4;Diffusion_FE_101#5;Diffusion_FE_101#7;Diffusion_FE_101#8;Diffusion_FE_101#9
Diffusion_FE_101	part_2	Diffusion_FE_101#1;Diffusion_FE_101#2;Diffusion_FE_101#3;Diffusion_FE_101#4;Diffusion_FE_101#5;Diffusion_FE_101#6;Diffusion_FE_101#7;Diffusion_FE_101#8
Diffusion_FE_101	part_3	Diffusion_FE_101#0;Diffusion_FE_101#1;Diffusion_FE_101#4;Diffusion_FE_101#5;Diffusion_FE_101#6;Diffusion_FE_101#7;Diffusion_FE_101#8;Diffusion_FE_101#9
Diffusion_FE_101	part_4	Diffusion_FE_101#1;Diffusion_FE_101#2;Diffusion_FE_101#3;Diffusion_FE_101#4;Diffusion_FE_101#5;Diffusion_FE_101#6;Diffusion_FE_101#7;Diffusion_FE_101#8
Diffusion_FE_101	part_5	Diffusion_FE_101#0;Diffusion_FE_101#1;Diffusion_FE_101#2;Diffusion_FE_101#3;Diffusion_FE_101#4;Diffusion_FE_101#5;Diffusion_FE_101#6;Diffusion_FE_101#9
Diffusion_FE_101	part_6	Diffusion_FE_101#0;Diffusion_FE_101#1;Diffusion_FE_101#2;Diffusion_FE_101#3;Diffusion_FE_101#4;Diffusion_FE_101#5;Diffusion_FE_101#6;Diffusion_FE_101#9
Diffusion_FE_101	part_7	Diffusion_FE_101#0;Diffusion_FE_101#1;Diffusion_FE_101#4;Diffusion_FE_101#5;Diffusion_FE_101#6;Diffusion_FE_101#7;Diffusion_FE_101#8;Diffusion_FE_101#9
Diffusion_FE_101	part_8	Diffusion_FE_101#0;Diffusion_FE_101#2;Diffusion_FE_101#3;Diffusion_FE_101#4;Diffusion_FE_101#5;Diffusion_FE_101#7;Diffusion_FE_101#8;Diffusion_FE_101#9
Diffusion_FE_101	part_9	Diffusion_FE_101#0;Diffusion_FE_101#1;Diffusion_FE_101#2;Diffusion_FE_101#3;Diffusion_FE_101#6;Diffusion_FE_101#7;Diffusion_FE_101#8;Diffusion_FE_101#9
Diffusion_FE_120	part_1	Diffusion_FE_120#0;Diffusion_FE_120#1;Diffusion_FE_120#2;Diffusion_FE_120#4;Diffusion_FE_120#5;Diffusion_FE_120#6
Diffusion_FE_120	part_10	Diffusion_FE_120#0;Diffusion_FE_120#2;Diffusion_FE_120#3;Diffusion_FE_120#4;Diffusion_FE_120#6;Diffusion_FE_120#7
Diffusion_FE_120	part_2	Diffusion_FE_120#1;Diffusion_FE_120#2;Diffusion_FE_120#3;Diffusion_FE_120#4;Diffusion_FE_120#5;Diffusion_FE_120#7
Diffusion_FE_120	part_3	Diffusion_FE_120#0;Diffusion_FE_120#2;Diffusion_FE_120#3;Diffusion_FE_120#4;Diffusion_FE_120#6;Diffusion_FE_120#7
Diffusion_FE_120	part_4	Diffusion_FE_120#0;Diffusion_FE_120#1;Diffusion_FE_120#3;Diffusion_FE_120#5;Diffusion_FE_120#6;Diffusion_FE_120#7
Diffusion_FE_120	part_5	Diffusion_FE_120#0;Diffusion_FE_120#1;Diffusion_FE_120#2;Diffusion_FE_120#4;Diffusion_FE_120#5;Diffusion_FE_120#6
Diffusion_FE_120	part_6	Diffusion_FE_120#0;Diffusion_FE_120#1;Diffusion_FE_120#3;Diffusion_FE_120#5;Diffusion_FE_120#6;Diffusion_FE_120#7
Diffusion_FE_120	part_7	Diffusion_FE_120#1;Diffusion_FE_120#2;Diffusion_FE_120#3;Diffusion_FE_120#4;Diffusion_FE_120#5;Diffusion_FE_120#7
Diffusion_FE_120	part_8	Diffusion_FE_120#1;Diffusion_FE_120#2;Diffusion_FE_120#3;Diffusion_FE_120#4;Diffusion_FE_120#5;Diffusion_FE_120#7
Diffusion_FE_120	part_9	Diffusion_FE_120#0;Diffusion_FE_120#1;Diffusion_FE_120#2;Diffusion_FE_120#4;Diffusion_FE_120#5;Diffusion_FE_120#6
Diffusion_FE_122	part_1	Diffusion_FE_122#1;Diffusion_FE_122#2;Diffusion_FE_122#3;Diffusion_FE_122#4;Diffusion_FE_122#5
Diffusion_FE_122	part_10	Diffusion_FE_122#0;Diffusion_FE_122#1;Diffusion_FE_122#2;Diffusion_FE_122#3;Diffusion_FE_122#5
Diffusion_FE_122	part_2	Diffusion_FE_122#0;Diffusion_FE_122#1;Diffusion_FE_122#3;Diffusion_FE_122#4;Diffusion_FE_122#5
Diffusion_FE_122	part_3	Diffusion_FE_122#0;Diffusion_FE_122#2;Diffusion_FE_122#3;Diffusion_FE_122#4;Diffusion_FE_122#5
Diffusion_FE_122	part_4	Diffusion_FE_122#0;Diffusion_FE_122#1;Diffusion_FE_122#2;Diffusion_FE_122#3;Diffusion_FE_122#4
Diffusion_FE_122	part_5	Diffusion_FE_122#0;Diffusion_FE_122#1;Diffusion_FE_122#2;Diffusion_FE_122#3;Diffusion_FE_122#4
Diffusion_FE_122	part_6	Diffusion_FE_122#0;Diffusion_FE_122#1;Diffusion_FE_122#3;Diffusion_FE_122#4;Diffusion_FE_122#5
Diffusion_FE_122	part_7	Diffusion_FE_122#0;Diffusion_FE_122#1;Diffusion_FE_122#2;Diffusion_FE_122#4;Diffusion_FE_122#5
Diffusion_FE_122	part_8	Diffusion_FE_122#1;Diffusion_FE_122#2;Diffusion_FE_122#3;Diffusion_FE_122#4;Diffusion_FE_122#5
Diffusion_FE_122	part_9	Diffusion_FE_122#0;Diffusion_FE_122#2;Diffusion_FE_122#3;Diffusion_FE_122#4;Diffusion_FE_122#5
Diffusion_FE_125	part_1	Diffusion_FE_125#1;Diffusion_FE_125#2;Diffusion_FE_125#3;Diffusion_FE_125#4
Diffusion_FE_125	part_10	Diffusion_FE_125#0;Diffusion_FE_125#1;Diffusion_FE_125#2;Diffusion_FE_125#3
Diffusion_FE_125	part_2	Diffusion_FE_125#0;Diffusion_FE_125#1;Diffusion_FE_125#3;Diffusion_FE_125#4
Diffusion_FE_125	part_3	Diffusion_FE_125#0;Diffusion_FE_125#1;Diffusion_FE_125#2;Diffusion_FE_125#4
Diffusion_FE_125	part_4	Diffusion_FE_125#0;Diffusion_FE_125#1;Diffusion_FE_125#3;Diffusion_FE_125#4
Diffusion_FE_125	part_5	Diffusion_FE_125#0;Diffusion_FE_125#2;Diffusion_FE_125#3;Diffusion_FE_125#4
Diffusion_FE_125	part_6	Diffusion_FE_125#1;Diffusion_FE_125#2;Diffusion_FE_125#3;Diffusion_FE_125#4
Diffusion_FE_125	part_7	Diffusion_FE_125#0;Diffusion_FE_125#1;Diffusion_FE_125#2;Diffusion_FE_125#4
Diffusion_FE_125	part_8	Diffusion_FE_125#0;Diffusion_FE_125#2;Diffusion_FE_125#3;Diffusion_FE_125#4
Diffusion_FE_125	part_9	Diffusion_FE_125#0;Diffusion_FE_125#1;Diffusion_FE_125#2;Diffusion_FE_125#3
Diffusion_FE_126	part_1	Diffusion_FE_126#0;Diffusion_FE_126#1;Diffusion_FE_126#3
Diffusion_FE_126	part_10	Diffusion_FE_126#0;Diffusion_FE_126#1;Diffusion_FE_126#2
Diffusion_FE_126	part_2	Diffusion_FE_126#0;Diffusion_FE_126#2;Diffusion_FE_126#3
Diffusion_FE_126	part_3	Diffusion_FE_126#1;Diffusion_FE_126#2;Diffusion_FE_126#3
Diffusion_FE_126	part_4	Diffusion_FE_126#0;Diffusion_FE_126#2;Diffusion_FE_126#3
Diffusion_FE_126	part_5	Diffusion_FE_126#0;Diffusion_FE_126#2;Diffusion_FE_126#3
Diffusion_FE_126	part_6	Diffusion_FE_126#0;Diffusion_FE_126#1;Diffusion_FE_126#3
Diffusion_FE_126	part_7	Diffusion_FE_126#0;Diffusion_FE_126#1;Diffusion_FE_126#2
Diffusion_FE_126	part_8	Diffusion_FE_126#0;Diffusion_FE_126#1;Diffusion_FE_126#2
Diffusion_FE_126	part_9	Diffusion_FE_126#1;Diffusion_FE_126#2;Diffusion_FE_126#3
Diffusion_FE_127	part_1	Diffusion_FE_127#1;Diffusion_FE_127#2;Diffusion_FE_127#3;Diffusion_FE_127#4;Diffusion_FE_127#6;Diffusion_FE_127#7
Diffusion_FE_127	part_10	Diffusion_FE_127#1;Diffusion_FE_127#2;Diffusion_FE_127#3;Diffusion_FE_127#4;Diffusion_FE_127#6;Diffusion_FE_127#7
Diffusion_FE_127	part_2	Diffusion_FE_127#0;Diffusion_FE_127#1;Diffusion_FE_127#3;Diffusion_FE_127#4;Diffusion_FE_127#5;Diffusion_FE_127#7
Diffusion_FE_127	part_3	Diffusion_FE_127#0;Diffusion_FE_127#1;Diffusion_FE_127#2;Diffusion_FE_127#3;Diffusion_FE_127#5;Diffusion_FE_127#6
Diffusion_FE_127	part_4	Diffusion_FE_127#0;Diffusion_FE_127#1;Diffusion_FE_127#2;Diffusion_FE_127#3;Diffusion_FE_127#5;Diffusion_FE_127#6
Diffusion_FE_127	part_5	Diffusion_FE_127#0;Diffusion_FE_127#2;Diffusion_FE_127#4;Diffusion_FE_127#5;Diffusion_FE_127#6;Diffusion_FE_127#7
Diffusion_FE_127	part_6	Diffusion_FE_127#0;Diffusion_FE_127#1;Diffusion_FE_127#3;Diffusion_FE_127#4;Diffusion_FE_127#5;Diffusion_FE_127#7
Diffusion_FE_127	part_7	Diffusion_FE_127#0;Diffusion_FE_127#2;Diffusion_FE_127#4;Diffusion_FE_127#5;Diffusion_FE_127#6;Diffusion_FE_127#7
Diffusion_FE_127	part_8	Diffusion_FE_127#1;Diffusion_FE_127#2;Diffusion_FE_127#3;Diffusion_FE_127#4;Diffusion_FE_127#6;Diffusion_FE_127#7
Diffusion_FE_127	part_9	Diffusion_FE_127#0;Diffusion_FE_127#1;Diffusion_FE_127#3;Diffusion_FE_127#4;Diffusion_FE_127#5;Diffusion_FE_127#7
Diffusion_FE_44	part_1	Diffusion_FE_44#0;Diffusion_FE_44#2;Diffusion_FE_44#3;Diffusion_FE_44#4;Diffusion_FE_44#5;Diffusion_FE_44#6
Diffusion_FE_44	part_10	Diffusion_FE_44#0;Diffusion_FE_44#1;Diffusion_FE_44#2;Diffusion_FE_44#3;Diffusion_FE_44#5;Diffusion_FE_44#6
Diffusion_FE_44	part_2	Diffusion_FE_44#0;Diffusion_FE_44#1;Diffusion_FE_44#2;Diffusion_FE_44#4;Diffusion_FE_44#5;Diffusion_FE_44#6
Diffusion_FE_44	part_3	Diffusion_FE_44#1;Diffusion_FE_44#2;Diffusion_FE_44#3;Diffusion_FE_44#4;Diffusion_FE_44#5;Diffusion_FE_44#6
Diffusion_FE_44	part_4	Diffusion_FE_44#0;Diffusion_FE_44#1;Diffusion_FE_44#2;Diffusion_FE_44#3;Diffusion_FE_44#4;Diffusion_FE_44#5
Diffusion_FE_44	part_5	Diffusion_FE_44#0;Diffusion_FE_44#1;Diffusion_FE_44#2;Diffusion_FE_44#3;Diffusion_FE_44#4;Diffusion_FE_44#5
Diffusion_FE_44	part_6	Diffusion_FE_44#0;Diffusion_FE_44#1;Diffusion_FE_44#3;Diffusion_FE_44#4;Diffusion_FE_44#5;Diffusion_FE_44#6
Diffusion_FE_44	part_7	Diffusion_FE_44#0;Diffusion_FE_44#1;Diffusion_FE_44#3;Diffusion_FE_44#4;Diffusion_FE_44#5;Diffusion_FE_44#6
Diffusion_FE_44	part_8	Diffusion_FE_44#0;Diffusion_FE_44#1;Diffusion_FE_44#2;Diffusion_FE_44#3;Diffusion_FE_44#4;Diffusion_FE_44#6
Diffusion_FE_44	part_9	Diffusion_FE_44#0;Diffusion_FE_44#1;Diffusion_FE_44#2;Diffusion_FE_44#3;Diffusion_FE_44#4;Diffusion_FE_44#6
Diffusion_FE_94	part_1	Diffusion_FE_94#0;Diffusion_FE_94#1;Diffusion_FE_94#10;Diffusion_FE_94#11;Diffusion_FE_94#2;Diffusion_FE_94#4;Diffusion_FE_94#5;Diffusion_FE_94#6;Diffusion_FE_94#7;Diffusion_FE_94#9
Diffusion_FE_94	part_10	Diffusion_FE_94#0;Diffusion_FE_94#1;Diffusion_FE_94#11;Diffusion_FE_94#12;Diffusion_FE_94#2;Diffusion_FE_94#3;Diffusion_FE_94#5;Diffusion_FE_94#6;Diffusion_FE_94#7;Diffusion_FE_94#8
Diffusion_FE_94	part_2	Diffusion_FE_94#0;Diffusion_FE_94#1;Diffusion_FE_94#10;Diffusion_FE_94#12;Diffusion_FE_94#2;Diffusion_FE_94#3;Diffusion_FE_94#4;Diffusion_FE_94#5;Diffusion_FE_94#6;Diffusion_FE_94#9
Diffusion_FE_94	part_3	Diffusion_FE_94#0;Diffusion_FE_94#1;Diffusion_FE_94#11;Diffusion_FE_94#12;Diffusion_FE_94#2;Diffusion_FE_94#3;Diffusion_FE_94#5;Diffusion_FE_94#7;Diffusion_FE_94#8;Diffusion_FE_94#9
Diffusion_FE_94	part_4	Diffusion_FE_94#0;Diffusion_FE_94#1;Diffusion_FE_94#10;Diffusion_FE_94#12;Diffusion_FE_94#3;Diffusion_FE_94#4;Diffusion_FE_94#6;Diffusion_FE_94#7;Diffusion_FE_94#8;Diffusion_FE_94#9
Diffusion_FE_94	part_5	Diffusion_FE_94#10;Diffusion_FE_94#11;Diffusion_FE_94#12;Diffusion_FE_94#2;Diffusion_FE_94#3;Diffusion_FE_94#4;Diffusion_FE_94#5;Diffusion_FE_94#7;Diffusion_FE_94#8;Diffusion_FE_94#9
Diffusion_FE_94	part_6	Diffusion_FE_94#10;Diffusion_FE_94#11;Diffusion_FE_94#12;Diffusion_FE_94#2;Diffusion_FE_94#4;Diffusion_FE_94#5;Diffusion_FE_94#6;Diffusion_FE_94#7;Diffusion_FE_94#8;Diffusion_FE_94#9
Diffusion_FE_94	part_7	Diffusion_FE_94#0;Diffusion_FE_94#1;Diffusion_FE_94#10;Diffusion_FE_94#11;Diffusion_FE_94#2;Diffusion_FE_94#3;Diffusion_FE_94#4;Diffusion_FE_94#5;Diffusion_FE_94#6;Diffusion_FE_94#9
Diffusion_FE_94	part_8	Diffusion_FE_94#0;Diffusion_FE_94#10;Diffusion_FE_94#11;Diffusion_FE_94#2;Diffusion_FE_94#4;Diffusion_FE_94#5;Diffusion_FE_94#6;Diffusion_FE_94#7;Diffusion_FE_94#8;Diffusion_FE_94#9
Diffusion_FE_94	part_9	Diffusion_FE_94#0;Diffusion_FE_94#1;Diffusion_FE_94#10;Diffusion_FE_94#11;Diffusion_FE_94#12;Diffusion_FE_94#3;Diffusion_FE_94#4;Diffusion_FE_94#6;Diffusion_FE_94#7;Diffusion_FE_94#8
Implant_128	part_1	Implant_128#0;Implant_128#1;Implant_128#2;Implant_128#3;Implant_128#5;Implant_128#6;Implant_128#7;Implant_128#8;Implant_128#9
Implant_128	part_10	Implant_128#0;Implant_128#1;Implant_128#10;Implant_128#2;Implant_128#3;Implant_128#4;Implant_128#5;Implant_128#6;Implant_128#8
Implant_128	part_2	Implant_128#1;Implant_128#10;Implant_128#2;Implant_128#3;Implant_128#4;Implant_128#6;Implant_128#7;Implant_128#8;Implant_128#9
Implant_128	part_3	Implant_128#0;Implant_128#1;Implant_128#10;Implant_128#4;Implant_128#5;Implant_128#6;Implant_128#7;Implant_128#8;Implant_128#9
Implant_128	part_4	Implant_128#0;Implant_128#1;Implant_128#10;Implant_128#2;Implant_128#3;Implant_128#5;Implant_128#7;Implant_128#8;Implant_128#9
Implant_128	part_5	Implant_128#0;Implant_128#1;Implant_128#10;Implant_128#3;Implant_128#4;Implant_128#5;Implant_128#6;Implant_128#8;Implant_128#9
Implant_128	part_6	Implant_128#1;Implant_128#10;Implant_128#2;Implant_128#3;Implant_128#4;Implant_128#5;Implant_128#6;Implant_128#7;Implant_128#9
Implant_128	part_7	Implant_128#0;Implant_128#2;Implant_128#3;Implant_128#4;Implant_128#5;Implant_128#6;Implant_128#7;Implant_128#8;Implant_128#9
Implant_128	part_8	Implant_128#0;Implant_128#1;Implant_128#10;Implant_128#2;Implant_128#3;Implant_128#4;Implant_128#6;Implant_128#7;Implant_128#8
Implant_128	part_9	Implant_128#0;Implant_128#1;Implant_128#10;Implant_128#2;Implant_128#4;Implant_128#5;Implant_128#7;Implant_128#8;Implant_128#9
Implant_132	part_1	Implant_132#0;Implant_132#1;Implant_132#3;Implant_132#4;Implant_132#5;Implant_132#6
Implant_132	part_10	Implant_132#0;Implant_132#1;Implant_132#2;Implant_132#4;Implant_132#5;Implant_132#6
Implant_132	part_2	Implant_132#0;Implant_132#1;Implant_132#2;Implant_132#3;Implant_132#4;Implant_132#5
Implant_132	part_3	Implant_132#0;Implant_132#1;Implant_132#2;Implant_132#3;Implant_132#4;Implant_132#6
Implant_132	part_4	Implant_132#1;Implant_132#2;Implant_132#3;Implant_132#4;Implant_132#5;Implant_132#6
Implant_132	part_5	Implant_132#0;Implant_132#1;Implant_132#2;Implant_132#3;Implant_132#4;Implant_132#6
Implant_132	part_6	Implant_132#0;Implant_132#2;Implant_132#3;Implant_132#4;Implant_132#5;Implant_132#6
Implant_132	part_7	Implant_132#0;Implant_132#1;Implant_132#2;Implant_132#3;Implant_132#5;Implant_132#6
Implant_132	part_8	Implant_132#0;Implant_132#1;Implant_132#2;Implant_132#4;Implant_132#5;Implant_132#6
Implant_132	part_9	Implant_132#0;Implant_132#1;Implant_132#2;Implant_132#3;Implant_132#4;Implant_132#5
Implant_91	part_1	Implant_91#1;Implant_91#2;Implant_91#3;Implant_91#4;Implant_91#5;Implant_91#6
Implant_91	part_10	Implant_91#0;Implant_91#2;Implant_91#3;Implant_91#4;Implant_91#5;Implant_91#6
Implant_91	part_2	Implant_91#0;Implant_91#1;Implant_91#2;Implant_91#3;Implant_91#4;Implant_91#6
Implant_91	part_3	Implant_91#0;Implant_91#1;Implant_91#3;Implant_91#4;Implant_91#5;Implant_91#6
Implant_91	part_4	Implant_91#0;Implant_91#1;Implant_91#2;Implant_91#3;Implant_91#5;Implant_91#6
Implant_91	part_5	Implant_91#0;Implant_91#1;Implant_91#2;Implant_91#3;Implant_91#4;Implant_91#5
Implant_91	part_6	Implant_91#0;Implant_91#2;Implant_91#3;Implant_91#4;Implant_91#5;Implant_91#6
Implant_91	part_7	Implant_91#0;Implant_91#1;Implant_91#2;Implant_91#4;Implant_91#5;Implant_91#6
Implant_91	part_8	Implant_91#0;Implant_91#1;Implant_91#3;Implant_91#4;Implant_91#5;Implant_91#6
Implant_91	part_9	Implant_91#0;Implant_91#1;Implant_91#2;Implant_91#3;Implant_91#5;Implant_91#6
LithoMet_BE_18	part_1	LithoMet_BE_18#1;LithoMet_BE_18#10;LithoMet_BE_18#2;LithoMet_BE_18#4;LithoMet_BE_18#5;LithoMet_BE_18#6;LithoMet_BE_18#7;LithoMet_BE_18#8;LithoMet_BE_18#9
LithoMet_BE_18	part_10	LithoMet_BE_18#0;LithoMet_BE_18#1;LithoMet_BE_18#10;LithoMet_BE_18#3;LithoMet_BE_18#4;LithoMet_BE_18#6;LithoMet_BE_18#7;LithoMet_BE_18#8;LithoMet_BE_18#9
LithoMet_BE_18	part_2	LithoMet_BE_18#1;LithoMet_BE_18#10;LithoMet_BE_18#2;LithoMet_BE_18#3;LithoMet_BE_18#4;LithoMet_BE_18#5;LithoMet_BE_18#6;LithoMet_BE_18#7;LithoMet_BE_18#9
LithoMet_BE_18	part_3	LithoMet_BE_18#0;LithoMet_BE_18#1;LithoMet_BE_18#2;LithoMet_BE_18#3;LithoMet_BE_18#5;LithoMet_BE_18#6;LithoMet_BE_18#7;LithoMet_BE_18#8;LithoMet_BE_18#9
LithoMet_BE_18	part_4	LithoMet_BE_18#0;LithoMet_BE_18#10;LithoMet_BE_18#2;LithoMet_BE_18#3;LithoMet_BE_18#4;LithoMet_BE_18#5;LithoMet_BE_18#6;LithoMet_BE_18#7;LithoMet_BE_18#9
LithoMet_BE_18	part_5	LithoMet_BE_18#0;LithoMet_BE_18#1;LithoMet_BE_18#10;LithoMet_BE_18#2;LithoMet_BE_18#3;LithoMet_BE_18#4;LithoMet_BE_18#6;LithoMet_BE_18#7;LithoMet_BE_18#8
LithoMet_BE_18	part_6	LithoMet_BE_18#0;LithoMet_BE_18#1;LithoMet_BE_18#10;LithoMet_BE_18#2;LithoMet_BE_18#3;LithoMet_BE_18#5;LithoMet_BE_18#6;LithoMet_BE_18#8;LithoMet_BE_18#9
LithoMet_BE_18	part_7	LithoMet_BE_18#0;LithoMet_BE_18#1;LithoMet_BE_18#10;LithoMet_BE_18#2;LithoMet_BE_18#3;LithoMet_BE_18#4;LithoMet_BE_18#5;LithoMet_BE_18#7;LithoMet_BE_18#8
LithoMet_BE_18	part_8	LithoMet_BE_18#0;LithoMet_BE_18#10;LithoMet_BE_18#2;LithoMet_BE_18#3;LithoMet_BE_18#4;LithoMet_BE_18#5;LithoMet_BE_18#6;LithoMet_BE_18#8;LithoMet_BE_18#9
LithoMet_BE_18	part_9	LithoMet_BE_18#0;LithoMet_BE_18#1;LithoMet_BE_18#10;LithoMet_BE_18#4;LithoMet_BE_18#5;LithoMet_BE_18#6;LithoMet_BE_18#7;LithoMet_BE_18#8;LithoMet_BE_18#9
LithoMet_FE_19	part_1	LithoMet_FE_19#0;LithoMet_FE_19#1;LithoMet_FE_19#10;LithoMet_FE_19#2;LithoMet_FE_19#3;LithoMet_FE_19#4;LithoMet_FE_19#5;LithoMet_FE_19#6;LithoMet_FE_19#7;LithoMet_FE_19#8;LithoMet_FE_19#9
LithoMet_FE_19	part_10	LithoMet_FE_19#0;LithoMet_FE_19#1;LithoMet_FE_19#10;LithoMet_FE_19#11;LithoMet_FE_19#12;LithoMet_FE_19#13;LithoMet_FE_19#3;LithoMet_FE_19#6;LithoMet_FE_19#7;LithoMet_FE_19#8;LithoMet_FE_19#9
LithoMet_FE_19	part_2	LithoMet_FE_19#0;LithoMet_FE_19#1;LithoMet_FE_19#10;LithoMet_FE_19#12;LithoMet_FE_19#2;LithoMet_FE_19#4;LithoMet_FE_19#5;LithoMet_FE_19#6;LithoMet_FE_19#7;LithoMet_FE_19#8;LithoMet_FE_19#9
LithoMet_FE_19	part_3	LithoMet_FE_19#10;LithoMet_FE_19#11;LithoMet_FE_19#12;LithoMet_FE_19#13;LithoMet_FE_19#2;LithoMet_FE_19#3;LithoMet_FE_19#4;LithoMet_FE_19#5;LithoMet_FE_19#7;LithoMet_FE_19#8;LithoMet_FE_19#9
LithoMet_FE_19	part_4	LithoMet_FE_19#0;LithoMet_FE_19#1;LithoMet_FE_19#10;LithoMet_FE_19#11;LithoMet_FE_19#12;LithoMet_FE_19#13;LithoMet_FE_19#2;LithoMet_FE_19#3;LithoMet_FE_19#4;LithoMet_FE_19#5;LithoMet_FE_19#6
LithoMet_FE_19	part_5	LithoMet_FE_19#1;LithoMet_FE_19#11;LithoMet_FE_19#12;LithoMet_FE_19#13;LithoMet_FE_19#3;LithoMet_FE_19#4;LithoMet_FE_19#5;LithoMet_FE_19#6;LithoMet_FE_19#7;LithoMet_FE_19#8;LithoMet_FE_19#9
LithoMet_FE_19	part_6	LithoMet_FE_19#0;LithoMet_FE_19#1;LithoMet_FE_19#10;LithoMet_FE_19#11;LithoMet_FE_19#13;LithoMet_FE_19#2;LithoMet_FE_19#3;LithoMet_FE_19#6;LithoMet_FE_19#7;LithoMet_FE_19#8;LithoMet_FE_19#9
LithoMet_FE_19	part_7	LithoMet_FE_19#11;LithoMet_FE_19#12;LithoMet_FE_19#13;LithoMet_FE_19#2;LithoMet_FE_19#3;LithoMet_FE_19#4;LithoMet_FE_19#5;LithoMet_FE_19#6;LithoMet_FE_19#7;LithoMet_FE_19#8;LithoMet_FE_19#9
LithoMet_FE_19	part_8	LithoMet_FE_19#0;LithoMet_FE_19#10;LithoMet_FE_19#11;LithoMet_FE_19#12;LithoMet_FE_19#13;LithoMet_FE_19#2;LithoMet_FE_19#3;LithoMet_FE_19#4;LithoMet_FE_19#5;LithoMet_FE_19#7;LithoMet_FE_19#9
LithoMet_FE_19	part_9	LithoMet_FE_19#0;LithoMet_FE_19#1;LithoMet_FE_19#10;LithoMet_FE_19#11;LithoMet_FE_19#12;LithoMet_FE_19#13;LithoMet_FE_19#2;LithoMet_FE_19#4;LithoMet_FE_19#5;LithoMet_FE_19#6;LithoMet_FE_19#8
LithoTrack_BE_117	part_1	LithoTrack_BE_117#0;LithoTrack_BE_117#2;LithoTrack_BE_117#3;LithoTrack_BE_117#4
LithoTrack_BE_117	part_10	LithoTrack_BE_117#1;LithoTrack_BE_117#2;LithoTrack_BE_117#3;LithoTrack_BE_117#4
LithoTrack_BE_117	part_2	LithoTrack_BE_117#0;LithoTrack_BE_117#1;LithoTrack_BE_117#3;LithoTrack_BE_117#4
LithoTrack_BE_117	part_3	LithoTrack_BE_117#0;LithoTrack_BE_117#1;LithoTrack_BE_117#2;LithoTrack_BE_117#4
LithoTrack_BE_117	part_4	LithoTrack_BE_117#0;LithoTrack_BE_117#2;LithoTrack_BE_117#3;LithoTrack_BE_117#4
LithoTrack_BE_117	part_5	LithoTrack_BE_117#1;LithoTrack_BE_117#2;LithoTrack_BE_117#3;LithoTrack_BE_117#4
LithoTrack_BE_117	part_6	LithoTrack_BE_117#0;LithoTrack_BE_117#1;LithoTrack_BE_117#3;LithoTrack_BE_117#4
LithoTrack_BE_117	part_7	LithoTrack_BE_117#0;LithoTrack_BE_117#1;LithoTrack_BE_117#2;LithoTrack_BE_117#3
LithoTrack_BE_117	part_8	LithoTrack_BE_117#0;LithoTrack_BE_117#1;LithoTrack_BE_117#2;LithoTrack_BE_117#4
LithoTrack_BE_117	part_9	LithoTrack_BE_117#0;LithoTrack_BE_117#1;LithoTrack_BE_117#2;LithoTrack_BE_117#3
LithoTrack_FE_115	part_1	LithoTrack_FE_115#0;LithoTrack_FE_115#1;LithoTrack_FE_115#11;LithoTrack_FE_115#12;LithoTrack_FE_115#13;LithoTrack_FE_115#14;LithoTrack_FE_115#15;LithoTrack_FE_115#16;LithoTrack_FE_115#17;LithoTrack_FE_115#19;LithoTrack_FE_115#20;LithoTrack_FE_115#21;LithoTrack_FE_115#22;LithoTrack_FE_115#23;LithoTrack_FE_115#25;LithoTrack_FE_115#26;LithoTrack_FE_115#27;LithoTrack_FE_115#28;LithoTrack_FE_115#29;LithoTrack_FE_115#31;LithoTrack_FE_115#32;LithoTrack_FE_115#33;LithoTrack_FE_115#34;LithoTrack_FE_115#35;LithoTrack_FE_115#36;LithoTrack_FE_115#37;LithoTrack_FE_115#38;LithoTrack_FE_115#39;LithoTrack_FE_115#40;LithoTrack_FE_115#6;LithoTrack_FE_115#7;LithoTrack_FE_115#8;LithoTrack_FE_115#9
LithoTrack_FE_115	part_10	LithoTrack_FE_115#0;LithoTrack_FE_115#1;LithoTrack_FE_115#11;LithoTrack_FE_115#12;LithoTrack_FE_115#13;LithoTrack_FE_115#14;LithoTrack_FE_115#15;LithoTrack_FE_115#16;LithoTrack_FE_115#17;LithoTrack_FE_115#19;LithoTrack_FE_115#20;LithoTrack_FE_115#21;LithoTrack_FE_115#22;LithoTrack_FE_115#23;LithoTrack_FE_115#25;LithoTrack_FE_115#26;LithoTrack_FE_115#27;LithoTrack_FE_115#28;LithoTrack_FE_115#29;LithoTrack_FE_115#30;LithoTrack_FE_115#31;LithoTrack_FE_115#32;LithoTrack_FE_115#33;LithoTrack_FE_115#34;LithoTrack_FE_115#35;LithoTrack_FE_115#37;LithoTrack_FE_115#38;LithoTrack_FE_115#39;LithoTrack_FE_115#40;LithoTrack_FE_115#6;LithoTrack_FE_115#7;LithoTrack_FE_115#8;LithoTrack_FE_115#9
LithoTrack_FE_115	part_2	LithoTrack_FE_115#1;LithoTrack_FE_115#10;LithoTrack_FE_115#11;LithoTrack_FE_115#12;LithoTrack_FE_115#13;LithoTrack_FE_115#15;LithoTrack_FE_115#16;LithoTrack_FE_115#18;LithoTrack_FE_115#2;LithoTrack_FE_115#20;LithoTrack_FE_115#21;LithoTrack_FE_115#22;LithoTrack_FE_115#23;LithoTrack_FE_115#24;LithoTrack_FE_115#25;LithoTrack_FE_115#26;LithoTrack_FE_115#27;LithoTrack_FE_115#28;LithoTrack_FE_115#3;LithoTrack_FE_115#30;LithoTrack_FE_115#31;LithoTrack_FE_115#32;LithoTrack_FE_115#33;LithoTrack_FE_115#35;LithoTrack_FE_115#36;LithoTrack_FE_115#37;LithoTrack_FE_115#4;LithoTrack_FE_115#40;LithoTrack_FE_115#5;LithoTrack_FE_115#6;LithoTrack_FE_115#7;LithoTrack_FE_115#8;LithoTrack_FE_115#9
LithoTrack_FE_115	part_3	LithoTrack_FE_115#0;LithoTrack_FE_115#1;LithoTrack_FE_115#10;LithoTrack_FE_115#13;LithoTrack_FE_115#14;LithoTrack_FE_115#15;LithoTrack_FE_115#16;LithoTrack_FE_115#17;LithoTrack_FE_115#18;LithoTrack_FE_115#19;LithoTrack_FE_115#2;LithoTrack_FE_115#20;LithoTrack_FE_115#22;LithoTrack_FE_115#23;LithoTrack_FE_115#24;LithoTrack_FE_115#25;LithoTrack_FE_115#28;LithoTrack_FE_115#29;LithoTrack_FE_115#3;LithoTrack_FE_115#30;LithoTrack_FE_115#31;LithoTrack_FE_115#32;LithoTrack_FE_115#33;LithoTrack_FE_115#34;LithoTrack_FE_115#37;LithoTrack_FE_115#38;LithoTrack_FE_115#39;LithoTrack_FE_115#4;LithoTrack_FE_115#5;LithoTrack_FE_115#6;LithoTrack_FE_115#7;LithoTrack_FE_115#8;LithoTrack_FE_115#9
LithoTrack_FE_115	part_4	LithoTrack_FE_115#0;LithoTrack_FE_115#10;LithoTrack_FE_115#11;LithoTrack_FE_115#12;LithoTrack_FE_115#14;LithoTrack_FE_115#15;LithoTrack_FE_115#16;LithoTrack_FE_115#17;LithoTrack_FE_115#18;LithoTrack_FE_115#19;LithoTrack_FE_115#2;LithoTrack_FE_115#20;LithoTrack_FE_115#21;LithoTrack_FE_115#23;LithoTrack_FE_115#24;LithoTrack_FE_115#26;LithoTrack_FE_115#27;LithoTrack_FE_115#28;LithoTrack_FE_115#29;LithoTrack_FE_115#3;LithoTrack_FE_115#30;LithoTrack_FE_115#31;LithoTrack_FE_115#33;LithoTrack_FE_115#34;LithoTrack_FE_115#35;LithoTrack_FE_115#36;LithoTrack_FE_115#38;LithoTrack_FE_115#39;LithoTrack_FE_115#4;LithoTrack_FE_115#40;LithoTrack_FE_115#5;LithoTrack_FE_115#7;LithoTrack_FE_115#8
LithoTrack_FE_115	part_5	LithoTrack_FE_115#0;LithoTrack_FE_115#1;LithoTrack_FE_115#10;LithoTrack_FE_115#11;LithoTrack_FE_115#12;LithoTrack_FE_115#13;LithoTrack_FE_115#14;LithoTrack_FE_115#18;LithoTrack_FE_115#19;LithoTrack_FE_115#2;LithoTrack_FE_115#21;LithoTrack_FE_115#22;LithoTrack_FE_115#23;LithoTrack_FE_115#24;LithoTrack_FE_115#25;LithoTrack_FE_115#26;LithoTrack_FE_115#27;LithoTrack_FE_115#29;LithoTrack_FE_115#3;LithoTrack_FE_115#30;LithoTrack_FE_115#32;LithoTrack_FE_115#34;LithoTrack_FE_115#35;LithoTrack_FE_115#36;LithoTrack_FE_115#37;LithoTrack_FE_115#38;LithoTrack_FE_115#39;LithoTrack_FE_115#4;LithoTrack_FE_115#40;LithoTrack_FE_115#5;LithoTrack_FE_115#6;LithoTrack_FE_115#8;LithoTrack_FE_115#9
LithoTrack_FE_115	part_6	LithoTrack_FE_115#0;LithoTrack_FE_115#1;LithoTrack_FE_115#10;LithoTrack_FE_115#11;LithoTrack_FE_115#12;LithoTrack_FE_115#13;LithoTrack_FE_115#14;LithoTrack_FE_115#17;LithoTrack_FE_115#18;LithoTrack_FE_115#19;LithoTrack_FE_115#2;LithoTrack_FE_115#21;LithoTrack_FE_115#22;LithoTrack_FE_115#23;LithoTrack_FE_115#24;LithoTrack_FE_115#25;LithoTrack_FE_115#26;LithoTrack_FE_115#27;LithoTrack_FE_115#29;LithoTrack_FE_115#3;LithoTrack_FE_115#30;LithoTrack_FE_115#32;LithoTrack_FE_115#34;LithoTrack_FE_115#35;LithoTrack_FE_115#36;LithoTrack_FE_115#38;LithoTrack_FE_115#39;LithoTrack_FE_115#4;LithoTrack_FE_115#40;LithoTrack_FE_115#5;LithoTrack_FE_115#6;LithoTrack_FE_115#8;LithoTrack_FE_115#9
LithoTrack_FE_115	part_7	LithoTrack_FE_115#1;LithoTrack_FE_115#10;LithoTrack_FE_115#11;LithoTrack_FE_115#12;LithoTrack_FE_115#13;LithoTrack_FE_115#15;LithoTrack_FE_115#16;LithoTrack_FE_115#17;LithoTrack_FE_115#18;LithoTrack_FE_115#2;LithoTrack_FE_115#20;LithoTrack_FE_115#21;LithoTrack_FE_115#22;LithoTrack_FE_115#23;LithoTrack_FE_115#24;LithoTrack_FE_115#25;LithoTrack_FE_115#26;LithoTrack_FE_115#27;LithoTrack_FE_115#28;LithoTrack_FE_115#3;LithoTrack_FE_115#30;LithoTrack_FE_115#31;LithoTrack_FE_115#32;LithoTrack_FE_115#33;LithoTrack_FE_115#35;LithoTrack_FE_115#36;LithoTrack_FE_115#37;LithoTrack_FE_115#4;LithoTrack_FE_115#40;LithoTrack_FE_115#5;LithoTrack_FE_115#6;LithoTrack_FE_115#7;LithoTrack_FE_115#9
LithoTrack_FE_115	part_8	LithoTrack_FE_115#0;LithoTrack_FE_115#1;LithoTrack_FE_115#10;LithoTrack_FE_115#13;LithoTrack_FE_115#14;LithoTrack_FE_115#15;LithoTrack_FE_115#16;LithoTrack_FE_115#17;LithoTrack_FE_115#18;LithoTrack_FE_115#19;LithoTrack_FE_115#2;LithoTrack_FE_115#20;LithoTrack_FE_115#22;LithoTrack_FE_115#24;LithoTrack_FE_115#25;LithoTrack_FE_115#28;LithoTrack_FE_115#29;LithoTrack_FE_115#3;LithoTrack_FE_115#30;LithoTrack_FE_115#31;LithoTrack_FE_115#32;LithoTrack_FE_115#33;LithoTrack_FE_115#34;LithoTrack_FE_115#36;LithoTrack_FE_115#37;LithoTrack_FE_115#38;LithoTrack_FE_115#39;LithoTrack_FE_115#4;LithoTrack_FE_115#5;LithoTrack_FE_115#6;LithoTrack_FE_115#7;LithoTrack_FE_115#8;LithoTrack_FE_115#9
LithoTrack_FE_115	part_9	LithoTrack_FE_115#0;LithoTrack_FE_115#10;LithoTrack_FE_115#11;LithoTrack_FE_115#12;LithoTrack_FE_115#14;LithoTrack_FE_115#15;LithoTrack_FE_115#16;LithoTrack_FE_115#17;LithoTrack_FE_115#18;LithoTrack_FE_115#19;LithoTrack_FE_115#2;LithoTrack_FE_115#20;LithoTrack_FE_115#21;LithoTrack_FE_115#23;LithoTrack_FE_115#24;LithoTrack_FE_115#26;LithoTrack_FE_115#27;LithoTrack_FE_115#28;LithoTrack_FE_115#29;LithoTrack_FE_115#3;LithoTrack_FE_115#31;LithoTrack_FE_115#33;LithoTrack_FE_115#34;LithoTrack_FE_115#35;LithoTrack_FE_115#36;LithoTrack_FE_115#37;LithoTrack_FE_115#38;LithoTrack_FE_115#39;LithoTrack_FE_115#4;LithoTrack_FE_115#40;LithoTrack_FE_115#5;LithoTrack_FE_115#7;LithoTrack_FE_115#8
LithoTrack_FE_95	part_1	LithoTrack_FE_95#0;LithoTrack_FE_95#1;LithoTrack_FE_95#11;LithoTrack_FE_95#12;LithoTrack_FE_95#13;LithoTrack_FE_95#14;LithoTrack_FE_95#15;LithoTrack_FE_95#16;LithoTrack_FE_95#17;LithoTrack_FE_95#18;LithoTrack_FE_95#19;LithoTrack_FE_95#2;LithoTrack_FE_95#21;LithoTrack_FE_95#23;LithoTrack_FE_95#24;LithoTrack_FE_95#25;LithoTrack_FE_95#27;LithoTrack_FE_95#28;LithoTrack_FE_95#29;LithoTrack_FE_95#30;LithoTrack_FE_95#31;LithoTrack_FE_95#32;LithoTrack_FE_95#33;LithoTrack_FE_95#35;LithoTrack_FE_95#36;LithoTrack_FE_95#37;LithoTrack_FE_95#38;LithoTrack_FE_95#39;LithoTrack_FE_95#4;LithoTrack_FE_95#5;LithoTrack_FE_95#6;LithoTrack_FE_95#7
LithoTrack_FE_95	part_10	LithoTrack_FE_95#0;LithoTrack_FE_95#1;LithoTrack_FE_95#10;LithoTrack_FE_95#11;LithoTrack_FE_95#13;LithoTrack_FE_95#15;LithoTrack_FE_95#17;LithoTrack_FE_95#2;LithoTrack_FE_95#20;LithoTrack_FE_95#21;LithoTrack_FE_95#22;LithoTrack_FE_95#23;LithoTrack_FE_95#24;LithoTrack_FE_95#25;LithoTrack_FE_95#26;LithoTrack_FE_95#27;LithoTrack_FE_95#28;LithoTrack_FE_95#3;LithoTrack_FE_95#30;LithoTrack_FE_95#31;LithoTrack_FE_95#32;LithoTrack_FE_95#33;LithoTrack_FE_95#34;LithoTrack_FE_95#35;LithoTrack_FE_95#36;LithoTrack_FE_95#38;LithoTrack_FE_95#39;LithoTrack_FE_95#4;LithoTrack_FE_95#5;LithoTrack_FE_95#7;LithoTrack_FE_95#8;LithoTrack_FE_95#9
LithoTrack_FE_95	part_2	LithoTrack_FE_95#0;LithoTrack_FE_95#1;LithoTrack_FE_95#10;LithoTrack_FE_95#11;LithoTrack_FE_95#13;LithoTrack_FE_95#15;LithoTrack_FE_95#17;LithoTrack_FE_95#2;LithoTrack_FE_95#20;LithoTrack_FE_95#21;LithoTrack_FE_95#22;LithoTrack_FE_95#23;LithoTrack_FE_95#24;LithoTrack_FE_95#25;LithoTrack_FE_95#26;LithoTrack_FE_95#27;LithoTrack_FE_95#28;LithoTrack_FE_95#3;LithoTrack_FE_95#30;LithoTrack_FE_95#31;LithoTrack_FE_95#32;LithoTrack_FE_95#33;LithoTrack_FE_95#34;LithoTrack_FE_95#35;LithoTrack_FE_95#36;LithoTrack_FE_95#38;LithoTrack_FE_95#39;LithoTrack_FE_95#4;LithoTrack_FE_95#5;LithoTrack_FE_95#7;LithoTrack_FE_95#8;LithoTrack_FE_95#9
LithoTrack_FE_95	part_3	LithoTrack_FE_95#0;LithoTrack_FE_95#1;LithoTrack_FE_95#10;LithoTrack_FE_95#12;LithoTrack_FE_95#13;LithoTrack_FE_95#14;LithoTrack_FE_95#15;LithoTrack_FE_95#16;LithoTrack_FE_95#18;LithoTrack_FE_95#19;LithoTrack_FE_95#20;LithoTrack_FE_95#21;LithoTrack_FE_95#22;LithoTrack_FE_95#23;LithoTrack_FE_95#24;LithoTrack_FE_95#26;LithoTrack_FE_95#28;LithoTrack_FE_95#29;LithoTrack_FE_95#3;LithoTrack_FE_95#30;LithoTrack_FE_95#31;LithoTrack_FE_95#32;LithoTrack_FE_95#34;LithoTrack_FE_95#37;LithoTrack_FE_95#38;LithoTrack_FE_95#39;LithoTrack_FE_95#4;LithoTrack_FE_95#5;LithoTrack_FE_95#6;LithoTrack_FE_95#7;LithoTrack_FE_95#8;LithoTrack_FE_95#9
LithoTrack_FE_95	part_4	LithoTrack_FE_95#0;LithoTrack_FE_95#1;LithoTrack_FE_95#10;LithoTrack_FE_95#12;LithoTrack_FE_95#13;LithoTrack_FE_95#14;LithoTrack_FE_95#15;LithoTrack_FE_95#16;LithoTrack_FE_95#18;LithoTrack_FE_95#19;LithoTrack_FE_95#20;LithoTrack_FE_95#21;LithoTrack_FE_95#22;LithoTrack_FE_95#23;LithoTrack_FE_95#24;LithoTrack_FE_95#26;LithoTrack_FE_95#28;LithoTrack_FE_95#29;LithoTrack_FE_95#3;LithoTrack_FE_95#30;LithoTrack_FE_95#31;LithoTrack_FE_95#32;LithoTrack_FE_95#34;LithoTrack_FE_95#37;LithoTrack_FE_95#38;LithoTrack_FE_95#39;LithoTrack_FE_95#4;LithoTrack_FE_95#5;LithoTrack_FE_95#6;LithoTrack_FE_95#7;LithoTrack_FE_95#8;LithoTrack_FE_95#9
LithoTrack_FE_95	part_5	LithoTrack_FE_95#0;LithoTrack_FE_95#1;LithoTrack_FE_95#11;LithoTrack_FE_95#12;LithoTrack_FE_95#13;LithoTrack_FE_95#14;LithoTrack_FE_95#15;LithoTrack_FE_95#16;LithoTrack_FE_95#17;LithoTrack_FE_95#18;LithoTrack_FE_95#19;LithoTrack_FE_95#2;LithoTrack_FE_95#21;LithoTrack_FE_95#23;LithoTrack_FE_95#24;LithoTrack_FE_95#25;LithoTrack_FE_95#27;LithoTrack_FE_95#28;LithoTrack_FE_95#29;LithoTrack_FE_95#30;LithoTrack_FE_95#31;LithoTrack_FE_95#32;LithoTrack_FE_95#33;LithoTrack_FE_95#35;LithoTrack_FE_95#36;LithoTrack_FE_95#37;LithoTrack_FE_95#38;LithoTrack_FE_95#39;LithoTrack_FE_95#4;LithoTrack_FE_95#5;LithoTrack_FE_95#6;LithoTrack_FE_95#7
LithoTrack_FE_95	part_6	LithoTrack_FE_95#10;LithoTrack_FE_95#11;LithoTrack_FE_95#12;LithoTrack_FE_95#13;LithoTrack_FE_95#14;LithoTrack_FE_95#15;LithoTrack_FE_95#16;LithoTrack_FE_95#17;LithoTrack_FE_95#18;LithoTrack_FE_95#19;LithoTrack_FE_95#2;LithoTrack_FE_95#20;LithoTrack_FE_95#21;LithoTrack_FE_95#22;LithoTrack_FE_95#25;LithoTrack_FE_95#26;LithoTrack_FE_95#27;LithoTrack_FE_95#28;LithoTrack_FE_95#29;LithoTrack_FE_95#3;LithoTrack_FE_95#31;LithoTrack_FE_95#33;LithoTrack_FE_95#34;LithoTrack_FE_95#35;LithoTrack_FE_95#36;LithoTrack_FE_95#37;LithoTrack_FE_95#39;LithoTrack_FE_95#5;LithoTrack_FE_95#6;LithoTrack_FE_95#7;LithoTrack_FE_95#8;LithoTrack_FE_95#9
LithoTrack_FE_95	part_7	LithoTrack_FE_95#0;LithoTrack_FE_95#1;LithoTrack_FE_95#10;LithoTrack_FE_95#11;LithoTrack_FE_95#12;LithoTrack_FE_95#14;LithoTrack_FE_95#16;LithoTrack_FE_95#17;LithoTrack_FE_95#18;LithoTrack_FE_95#19;LithoTrack_FE_95#2;LithoTrack_FE_95#20;LithoTrack_FE_95#22;LithoTrack_FE_95#23;LithoTrack_FE_95#24;LithoTrack_FE_95#25;LithoTrack_FE_95#26;LithoTrack_FE_95#27;LithoTrack_FE_95#29;LithoTrack_FE_95#3;LithoTrack_FE_95#30;LithoTrack_FE_95#32;LithoTrack_FE_95#33;LithoTrack_FE_95#34;LithoTrack_FE_95#35;LithoTrack_FE_95#36;LithoTrack_FE_95#37;LithoTrack_FE_95#38;LithoTrack_FE_95#4;LithoTrack_FE_95#6;LithoTrack_FE_95#8;LithoTrack_FE_95#9
LithoTrack_FE_95	part_8	LithoTrack_FE_95#0;LithoTrack_FE_95#1;LithoTrack_FE_95#10;LithoTrack_FE_95#11;LithoTrack_FE_95#12;LithoTrack_FE_95#14;LithoTrack_FE_95#16;LithoTrack_FE_95#17;LithoTrack_FE_95#18;LithoTrack_FE_95#19;LithoTrack_FE_95#2;LithoTrack_FE_95#20;LithoTrack_FE_95#22;LithoTrack_FE_95#23;LithoTrack_FE_95#24;LithoTrack_FE_95#25;LithoTrack_FE_95#26;LithoTrack_FE_95#27;LithoTrack_FE_95#29;LithoTrack_FE_95#3;LithoTrack_FE_95#30;LithoTrack_FE_95#32;LithoTrack_FE_95#33;LithoTrack_FE_95#34;LithoTrack_FE_95#35;LithoTrack_FE_95#36;LithoTrack_FE_95#37;LithoTrack_FE_95#38;LithoTrack_FE_95#4;LithoTrack_FE_95#6;LithoTrack_FE_95#8;LithoTrack_FE_95#9
LithoTrack_FE_95	part_9	LithoTrack_FE_95#10;LithoTrack_FE_95#11;LithoTrack_FE_95#12;LithoTrack_FE_95#13;LithoTrack_FE_95#14;LithoTrack_FE_95#15;LithoTrack_FE_95#16;LithoTrack_FE_95#17;LithoTrack_FE_95#18;LithoTrack_FE_95#19;LithoTrack_FE_95#2;LithoTrack_FE_95#20;LithoTrack_FE_95#21;LithoTrack_FE_95#22;LithoTrack_FE_95#25;LithoTrack_FE_95#26;LithoTrack_FE_95#27;LithoTrack_FE_95#28;LithoTrack_FE_95#29;LithoTrack_FE_95#3;LithoTrack_FE_95#31;LithoTrack_FE_95#33;LithoTrack_FE_95#34;LithoTrack_FE_95#35;LithoTrack_FE_95#36;LithoTrack_FE_95#37;LithoTrack_FE_95#39;LithoTrack_FE_95#5;LithoTrack_FE_95#6;LithoTrack_FE_95#7;LithoTrack_FE_95#8;LithoTrack_FE_95#9
Litho_BE_110	part_1	Litho_BE_110#0;Litho_BE_110#10;Litho_BE_110#11;Litho_BE_110#12;Litho_BE_110#13;Litho_BE_110#15;Litho_BE_110#16;Litho_BE_110#17;Litho_BE_110#18;Litho_BE_110#19;Litho_BE_110#2;Litho_BE_110#20;Litho_BE_110#21;Litho_BE_110#3;Litho_BE_110#4;Litho_BE_110#5;Litho_BE_110#6;Litho_BE_110#8
Litho_BE_110	part_10	Litho_BE_110#1;Litho_BE_110#11;Litho_BE_110#12;Litho_BE_110#13;Litho_BE_110#14;Litho_BE_110#15;Litho_BE_110#16;Litho_BE_110#18;Litho_BE_110#19;Litho_BE_110#21;Litho_BE_110#22;Litho_BE_110#3;Litho_BE_110#4;Litho_BE_110#5;Litho_BE_110#6;Litho_BE_110#7;Litho_BE_110#8;Litho_BE_110#9
Litho_BE_110	part_2	Litho_BE_110#1;Litho_BE_110#10;Litho_BE_110#12;Litho_BE_110#13;Litho_BE_110#14;Litho_BE_110#15;Litho_BE_110#16;Litho_BE_110#17;Litho_BE_110#18;Litho_BE_110#19;Litho_BE_110#20;Litho_BE_110#22;Litho_BE_110#3;Litho_BE_110#4;Litho_BE_110#5;Litho_BE_110#6;Litho_BE_110#7;Litho_BE_110#9
Litho_BE_110	part_3	Litho_BE_110#0;Litho_BE_110#1;Litho_BE_110#10;Litho_BE_110#12;Litho_BE_110#14;Litho_BE_110#15;Litho_BE_110#16;Litho_BE_110#17;Litho_BE_110#18;Litho_BE_110#19;Litho_BE_110#2;Litho_BE_110#20;Litho_BE_110#22;Litho_BE_110#4;Litho_BE_110#5;Litho_BE_110#6;Litho_BE_110#7;Litho_BE_110#9
Litho_BE_110	part_4	Litho_BE_110#0;Litho_BE_110#1;Litho_BE_110#10;Litho_BE_110#11;Litho_BE_110#12;Litho_BE_110#14;Litho_BE_110#16;Litho_BE_110#17;Litho_BE_110#18;Litho_BE_110#19;Litho_BE_110#2;Litho_BE_110#20;Litho_BE_110#21;Litho_BE_110#22;Litho_BE_110#4;Litho_BE_110#7;Litho_BE_110#8;Litho_BE_110#9
Litho_BE_110	part_5	Litho_BE_110#1;Litho_BE_110#10;Litho_BE_110#11;Litho_BE_110#12;Litho_BE_110#13;Litho_BE_110#14;Litho_BE_110#15;Litho_BE_110#16;Litho_BE_110#18;Litho_BE_110#19;Litho_BE_110#20;Litho_BE_110#22;Litho_BE_110#3;Litho_BE_110#4;Litho_BE_110#5;Litho_BE_110#6;Litho_BE_110#7;Litho_BE_110#9
Litho_BE_110	part_6	Litho_BE_110#0;Litho_BE_110#1;Litho_BE_110#10;Litho_BE_110#11;Litho_BE_110#12;Litho_BE_110#13;Litho_BE_110#14;Litho_BE_110#15;Litho_BE_110#17;Litho_BE_110#2;Litho_BE_110#20;Litho_BE_110#21;Litho_BE_110#22;Litho_BE_110#3;Litho_BE_110#4;Litho_BE_110#5;Litho_BE_110#6;Litho_BE_110#8
Litho_BE_110	part_7	Litho_BE_110#0;Litho_BE_110#1;Litho_BE_110#11;Litho_BE_110#12;Litho_BE_110#13;Litho_BE_110#14;Litho_BE_110#15;Litho_BE_110#17;Litho_BE_110#2;Litho_BE_110#21;Litho_BE_110#22;Litho_BE_110#3;Litho_BE_110#4;Litho_BE_110#5;Litho_BE_110#6;Litho_BE_110#7;Litho_BE_110#8;Litho_BE_110#9
Litho_BE_110	part_8	Litho_BE_110#0;Litho_BE_110#10;Litho_BE_110#11;Litho_BE_110#13;Litho_BE_110#15;Litho_BE_110#16;Litho_BE_110#17;Litho_BE_110#18;Litho_BE_110#19;Litho_BE_110#2;Litho_BE_110#20;Litho_BE_110#21;Litho_BE_110#3;Litho_BE_110#5;Litho_BE_110#6;Litho_BE_110#7;Litho_BE_110#8;Litho_BE_110#9
Litho_BE_110	part_9	Litho_BE_110#0;Litho_BE_110#1;Litho_BE_110#10;Litho_BE_110#11;Litho_BE_110#13;Litho_BE_110#14;Litho_BE_110#16;Litho_BE_110#17;Litho_BE_110#18;Litho_BE_110#19;Litho_BE_110#2;Litho_BE_110#20;Litho_BE_110#21;Litho_BE_110#22;Litho_BE_110#3;Litho_BE_110#7;Litho_BE_110#8;Litho_BE_110#9
Litho_BE_93	part_1	Litho_BE_93#0;Litho_BE_93#2;Litho_BE_93#3
Litho_BE_93	part_10	Litho_BE_93#0;Litho_BE_93#1;Litho_BE_93#2
Litho_BE_93	part_2	Litho_BE_93#0;Litho_BE_93#1;Litho_BE_93#3
Litho_BE_93	part_3	Litho_BE_93#0;Litho_BE_93#1;Litho_BE_93#3
Litho_BE_93	part_4	Litho_BE_93#1;Litho_BE_93#2;Litho_BE_93#3
Litho_BE_93	part_5	Litho_BE_93#0;Litho_BE_93#1;Litho_BE_93#2
Litho_BE_93	part_6	Litho_BE_93#1;Litho_BE_93#2;Litho_BE_93#3
Litho_BE_93	part_7	Litho_BE_93#0;Litho_BE_93#2;Litho_BE_93#3
Litho_BE_93	part_8	Litho_BE_93#1;Litho_BE_93#2;Litho_BE_93#3
Litho_BE_93	part_9	Litho_BE_93#0;Litho_BE_93#2;Litho_BE_93#3
Litho_BE_99	part_1	Litho_BE_99#0;Litho_BE_99#1
Litho_BE_99	part_10	Litho_BE_99#0;Litho_BE_99#2
Litho_BE_99	part_2	Litho_BE_99#0;Litho_BE_99#2
Litho_BE_99	part_3	Litho_BE_99#0;Litho_BE_99#1
Litho_BE_99	part_4	Litho_BE_99#0;Litho_BE_99#2
Litho_BE_99	part_5	Litho_BE_99#0;Litho_BE_99#1
Litho_BE_99	part_6	Litho_BE_99#1;Litho_BE_99#2
Litho_BE_99	part_7	Litho_BE_99#1;Litho_BE_99#2
Litho_BE_99	part_8	Litho_BE_99#0;Litho_BE_99#2
Litho_BE_99	part_9	Litho_BE_99#1;Litho_BE_99#2
Litho_FE_111	part_1	Litho_FE_111#1;Litho_FE_111#10;Litho_FE_111#12;Litho_FE_111#13;Litho_FE_111#14;Litho_FE_111#15;Litho_FE_111#17;Litho_FE_111#18;Litho_FE_111#19;Litho_FE_111#3;Litho_FE_111#4;Litho_FE_111#5;Litho_FE_111#6;Litho_FE_111#7;Litho_FE_111#8;Litho_FE_111#9
Litho_FE_111	part_10	Litho_FE_111#1;Litho_FE_111#10;Litho_FE_111#12;Litho_FE_111#13;Litho_FE_111#14;Litho_FE_111#15;Litho_FE_111#17;Litho_FE_111#18;Litho_FE_111#19;Litho_FE_111#3;Litho_FE_111#4;Litho_FE_111#5;Litho_FE_111#6;Litho_FE_111#7;Litho_FE_111#8;Litho_FE_111#9
Litho_FE_111	part_2	Litho_FE_111#0;Litho_FE_111#1;Litho_FE_111#10;Litho_FE_111#11;Litho_FE_111#13;Litho_FE_111#16;Litho_FE_111#17;Litho_FE_111#18;Litho_FE_111#19;Litho_FE_111#2;Litho_FE_111#4;Litho_FE_111#5;Litho_FE_111#6;Litho_FE_111#7;Litho_FE_111#8;Litho_FE_111#9
Litho_FE_111	part_3	Litho_FE_111#0;Litho_FE_111#1;Litho_FE_111#11;Litho_FE_111#12;Litho_FE_111#13;Litho_FE_111#14;Litho_FE_111#15;Litho_FE_111#16;Litho_FE_111#17;Litho_FE_111#2;Litho_FE_111#3;Litho_FE_111#4;Litho_FE_111#5;Litho_FE_111#6;Litho_FE_111#7;Litho_FE_111#8
Litho_FE_111	part_4	Litho_FE_111#0;Litho_FE_111#1;Litho_FE_111#10;Litho_FE_111#11;Litho_FE_111#12;Litho_FE_111#13;Litho_FE_111#14;Litho_FE_111#15;Litho_FE_111#16;Litho_FE_111#18;Litho_FE_111#19;Litho_FE_111#2;Litho_FE_111#3;Litho_FE_111#4;Litho_FE_111#5;Litho_FE_111#9
Litho_FE_111	part_5	Litho_FE_111#0;Litho_FE_111#10;Litho_FE_111#11;Litho_FE_111#12;Litho_FE_111#14;Litho_FE_111#15;Litho_FE_111#16;Litho_FE_111#17;Litho_FE_111#18;Litho_FE_111#19;Litho_FE_111#2;Litho_FE_111#3;Litho_FE_111#6;Litho_FE_111#7;Litho_FE_111#8;Litho_FE_111#9
Litho_FE_111	part_6	Litho_FE_111#0;Litho_FE_111#1;Litho_FE_111#10;Litho_FE_111#11;Litho_FE_111#12;Litho_FE_111#13;Litho_FE_111#14;Litho_FE_111#15;Litho_FE_111#16;Litho_FE_111#18;Litho_FE_111#19;Litho_FE_111#2;Litho_FE_111#3;Litho_FE_111#4;Litho_FE_111#5;Litho_FE_111#9
Litho_FE_111	part_7	Litho_FE_111#0;Litho_FE_111#1;Litho_FE_111#11;Litho_FE_111#12;Litho_FE_111#13;Litho_FE_111#14;Litho_FE_111#15;Litho_FE_111#16;Litho_FE_111#17;Litho_FE_111#2;Litho_FE_111#3;Litho_FE_111#4;Litho_FE_111#5;Litho_FE_111#6;Litho_FE_111#7;Litho_FE_111#8
Litho_FE_111	part_8	Litho_FE_111#0;Litho_FE_111#10;Litho_FE_111#11;Litho_FE_111#12;Litho_FE_111#14;Litho_FE_111#15;Litho_FE_111#16;Litho_FE_111#17;Litho_FE_111#18;Litho_FE_111#19;Litho_FE_111#2;Litho_FE_111#3;Litho_FE_111#6;Litho_FE_111#7;Litho_FE_111#8;Litho_FE_111#9
Litho_FE_111	part_9	Litho_FE_111#0;Litho_FE_111#1;Litho_FE_111#10;Litho_FE_111#11;Litho_FE_111#13;Litho_FE_111#16;Litho_FE_111#17;Litho_FE_111#18;Litho_FE_111#19;Litho_FE_111#2;Litho_FE_111#4;Litho_FE_111#5;Litho_FE_111#6;Litho_FE_111#7;Litho_FE_111#8;Litho_FE_111#9
Litho_FE_92	part_1	Litho_FE_92#0;Litho_FE_92#10;Litho_FE_92#11;Litho_FE_92#12;Litho_FE_92#13;Litho_FE_92#14;Litho_FE_92#16;Litho_FE_92#18;Litho_FE_92#19;Litho_FE_92#21;Litho_FE_92#22;Litho_FE_92#23;Litho_FE_92#24;Litho_FE_92#25;Litho_FE_92#3;Litho_FE_92#4;Litho_FE_92#5;Litho_FE_92#6;Litho_FE_92#7;Litho_FE_92#8;Litho_FE_92#9
Litho_FE_92	part_10	Litho_FE_92#0;Litho_FE_92#1;Litho_FE_92#10;Litho_FE_92#11;Litho_FE_92#13;Litho_FE_92#14;Litho_FE_92#15;Litho_FE_92#17;Litho_FE_92#18;Litho_FE_92#19;Litho_FE_92#2;Litho_FE_92#20;Litho_FE_92#21;Litho_FE_92#22;Litho_FE_92#23;Litho_FE_92#24;Litho_FE_92#25;Litho_FE_92#3;Litho_FE_92#4;Litho_FE_92#5;Litho_FE_92#9
Litho_FE_92	part_2	Litho_FE_92#0;Litho_FE_92#1;Litho_FE_92#11;Litho_FE_92#12;Litho_FE_92#14;Litho_FE_92#15;Litho_FE_92#16;Litho_FE_92#18;Litho_FE_92#19;Litho_FE_92#2;Litho_FE_92#20;Litho_FE_92#22;Litho_FE_92#23;Litho_FE_92#24;Litho_FE_92#25;Litho_FE_92#3;Litho_FE_92#4;Litho_FE_92#6;Litho_FE_92#7;Litho_FE_92#8;Litho_FE_92#9
Litho_FE_92	part_3	Litho_FE_92#0;Litho_FE_92#1;Litho_FE_92#11;Litho_FE_92#12;Litho_FE_92#14;Litho_FE_92#15;Litho_FE_92#16;Litho_FE_92#17;Litho_FE_92#18;Litho_FE_92#19;Litho_FE_92#2;Litho_FE_92#20;Litho_FE_92#22;Litho_FE_92#23;Litho_FE_92#24;Litho_FE_92#25;Litho_FE_92#4;Litho_FE_92#6;Litho_FE_92#7;Litho_FE_92#8;Litho_FE_92#9
Litho_FE_92	part_4	Litho_FE_92#0;Litho_FE_92#1;Litho_FE_92#10;Litho_FE_92#11;Litho_FE_92#12;Litho_FE_92#13;Litho_FE_92#14;Litho_FE_92#15;Litho_FE_92#16;Litho_FE_92#17;Litho_FE_92#18;Litho_FE_92#19;Litho_FE_92#2;Litho_FE_92#20;Litho_FE_92#21;Litho_FE_92#22;Litho_FE_92#24;Litho_FE_92#5;Litho_FE_92#6;Litho_FE_92#7;Litho_FE_92#8
Litho_FE_92	part_5	Litho_FE_92#0;Litho_FE_92#1;Litho_FE_92#10;Litho_FE_92#11;Litho_FE_92#13;Litho_FE_92#14;Litho_FE_92#15;Litho_FE_92#16;Litho_FE_92#17;Litho_FE_92#18;Litho_FE_92#2;Litho_FE_92#20;Litho_FE_92#21;Litho_FE_92#22;Litho_FE_92#23;Litho_FE_92#24;Litho_FE_92#25;Litho_FE_92#3;Litho_FE_92#4;Litho_FE_92#5;Litho_FE_92#9
Litho_FE_92	part_6	Litho_FE_92#0;Litho_FE_92#10;Litho_FE_92#11;Litho_FE_92#12;Litho_FE_92#13;Litho_FE_92#14;Litho_FE_92#16;Litho_FE_92#17;Litho_FE_92#18;Litho_FE_92#19;Litho_FE_92#21;Litho_FE_92#23;Litho_FE_92#24;Litho_FE_92#25;Litho_FE_92#3;Litho_FE_92#4;Litho_FE_92#5;Litho_FE_92#6;Litho_FE_92#7;Litho_FE_92#8;Litho_FE_92#9
Litho_FE_92	part_7	Litho_FE_92#1;Litho_FE_92#10;Litho_FE_92#12;Litho_FE_92#13;Litho_FE_92#15;Litho_FE_92#16;Litho_FE_92#17;Litho_FE_92#19;Litho_FE_92#2;Litho_FE_92#20;Litho_FE_92#21;Litho_FE_92#22;Litho_FE_92#23;Litho_FE_92#25;Litho_FE_92#3;Litho_FE_92#4;Litho_FE_92#5;Litho_FE_92#6;Litho_FE_92#7;Litho_FE_92#8;Litho_FE_92#9
Litho_FE_92	part_8	Litho_FE_92#0;Litho_FE_92#1;Litho_FE_92#10;Litho_FE_92#12;Litho_FE_92#13;Litho_FE_92#15;Litho_FE_92#16;Litho_FE_92#17;Litho_FE_92#2;Litho_FE_92#20;Litho_FE_92#21;Litho_FE_92#22;Litho_FE_92#23;Litho_FE_92#25;Litho_FE_92#3;Litho_FE_92#4;Litho_FE_92#5;Litho_FE_92#6;Litho_FE_92#7;Litho_FE_92#8;Litho_FE_92#9
Litho_FE_92	part_9	Litho_FE_92#0;Litho_FE_92#1;Litho_FE_92#10;Litho_FE_92#11;Litho_FE_92#12;Litho_FE_92#13;Litho_FE_92#14;Litho_FE_92#15;Litho_FE_92#17;Litho_FE_92#18;Litho_FE_92#19;Litho_FE_92#2;Litho_FE_92#20;Litho_FE_92#21;Litho_FE_92#22;Litho_FE_92#24;Litho_FE_92#3;Litho_FE_92#5;Litho_FE_92#6;Litho_FE_92#7;Litho_FE_92#8
Litho_FE_98	part_1	Litho_FE_98#1;Litho_FE_98#2;Litho_FE_98#3
Litho_FE_98	part_10	Litho_FE_98#0;Litho_FE_98#2;Litho_FE_98#3
Litho_FE_98	part_2	Litho_FE_98#0;Litho_FE_98#1;Litho_FE_98#3
Litho_FE_98	part_3	Litho_FE_98#1;Litho_FE_98#2;Litho_FE_98#3
Litho_FE_98	part_4	Litho_FE_98#0;Litho_FE_98#1;Litho_FE_98#3
Litho_FE_98	part_5	Litho_FE_98#0;Litho_FE_98#1;Litho_FE_98#2
Litho_FE_98	part_6	Litho_FE_98#1;Litho_FE_98#2;Litho_FE_98#3
Litho_FE_98	part_7	Litho_FE_98#0;Litho_FE_98#2;Litho_FE_98#3
Litho_FE_98	part_8	Litho_FE_98#0;Litho_FE_98#1;Litho_FE_98#3
Litho_FE_98	part_9	Litho_FE_98#0;Litho_FE_98#1;Litho_FE_98#2
Litho_REG_BE_63	part_1	Litho_REG_BE_63#0;Litho_REG_BE_63#1;Litho_REG_BE_63#3;Litho_REG_BE_63#4;Litho_REG_BE_63#5;Litho_REG_BE_63#7
Litho_REG_BE_63	part_10	Litho_REG_BE_63#1;Litho_REG_BE_63#2;Litho_REG_BE_63#4;Litho_REG_BE_63#5;Litho_REG_BE_63#6;Litho_REG_BE_63#7
Litho_REG_BE_63	part_2	Litho_REG_BE_63#0;Litho_REG_BE_63#1;Litho_REG_BE_63#3;Litho_REG_BE_63#4;Litho_REG_BE_63#5;Litho_REG_BE_63#7
Litho_REG_BE_63	part_3	Litho_REG_BE_63#0;Litho_REG_BE_63#2;Litho_REG_BE_63#3;Litho_REG_BE_63#5;Litho_REG_BE_63#6;Litho_REG_BE_63#7
Litho_REG_BE_63	part_4	Litho_REG_BE_63#0;Litho_REG_BE_63#1;Litho_REG_BE_63#2;Litho_REG_BE_63#3;Litho_REG_BE_63#4;Litho_REG_BE_63#6
Litho_REG_BE_63	part_5	Litho_REG_BE_63#1;Litho_REG_BE_63#2;Litho_REG_BE_63#4;Litho_REG_BE_63#5;Litho_REG_BE_63#6;Litho_REG_BE_63#7
Litho_REG_BE_63	part_6	Litho_REG_BE_63#0;Litho_REG_BE_63#2;Litho_REG_BE_63#3;Litho_REG_BE_63#5;Litho_REG_BE_63#6;Litho_REG_BE_63#7
Litho_REG_BE_63	part_7	Litho_REG_BE_63#0;Litho_REG_BE_63#2;Litho_REG_BE_63#3;Litho_REG_BE_63#5;Litho_REG_BE_63#6;Litho_REG_BE_63#7
Litho_REG_BE_63	part_8	Litho_REG_BE_63#0;Litho_REG_BE_63#1;Litho_REG_BE_63#2;Litho_REG_BE_63#3;Litho_REG_BE_63#4;Litho_REG_BE_63#6
Litho_REG_BE_63	part_9	Litho_REG_BE_63#0;Litho_REG_BE_63#1;Litho_REG_BE_63#3;Litho_REG_BE_63#4;Litho_REG_BE_63#5;Litho_REG_BE_63#7
Litho_REG_FE_64	part_1	Litho_REG_FE_64#10;Litho_REG_FE_64#11;Litho_REG_FE_64#2;Litho_REG_FE_64#3;Litho_REG_FE_64#4;Litho_REG_FE_64#5;Litho_REG_FE_64#6;Litho_REG_FE_64#7;Litho_REG_FE_64#8;Litho_REG_FE_64#9
Litho_REG_FE_64	part_10	Litho_REG_FE_64#0;Litho_REG_FE_64#1;Litho_REG_FE_64#10;Litho_REG_FE_64#11;Litho_REG_FE_64#2;Litho_REG_FE_64#5;Litho_REG_FE_64#6;Litho_REG_FE_64#7;Litho_REG_FE_64#8;Litho_REG_FE_64#9
Litho_REG_FE_64	part_2	Litho_REG_FE_64#0;Litho_REG_FE_64#1;Litho_REG_FE_64#10;Litho_REG_FE_64#11;Litho_REG_FE_64#2;Litho_REG_FE_64#3;Litho_REG_FE_64#4;Litho_REG_FE_64#5;Litho_REG_FE_64#7;Litho_REG_FE_64#8
Litho_REG_FE_64	part_3	Litho_REG_FE_64#10;Litho_REG_FE_64#11;Litho_REG_FE_64#2;Litho_REG_FE_64#3;Litho_REG_FE_64#4;Litho_REG_FE_64#5;Litho_REG_FE_64#6;Litho_REG_FE_64#7;Litho_REG_FE_64#8;Litho_REG_FE_64#9
Litho_REG_FE_64	part_4	Litho_REG_FE_64#0;Litho_REG_FE_64#1;Litho_REG_FE_64#2;Litho_REG_FE_64#3;Litho_REG_FE_64#4;Litho_REG_FE_64#5;Litho_REG_FE_64#6;Litho_REG_FE_64#7;Litho_REG_FE_64#8;Litho_REG_FE_64#9
Litho_REG_FE_64	part_5	Litho_REG_FE_64#0;Litho_REG_FE_64#1;Litho_REG_FE_64#10;Litho_REG_FE_64#11;Litho_REG_FE_64#3;Litho_REG_FE_64#4;Litho_REG_FE_64#5;Litho_REG_FE_64#6;Litho_REG_FE_64#8;Litho_REG_FE_64#9
Litho_REG_FE_64	part_6	Litho_REG_FE_64#0;Litho_REG_FE_64#1;Litho_REG_FE_64#2;Litho_REG_FE_64#3;Litho_REG_FE_64#4;Litho_REG_FE_64#5;Litho_REG_FE_64#6;Litho_REG_FE_64#7;Litho_REG_FE_64#8;Litho_REG_FE_64#9
Litho_REG_FE_64	part_7	Litho_REG_FE_64#0;Litho_REG_FE_64#1;Litho_REG_FE_64#10;Litho_REG_FE_64#11;Litho_REG_FE_64#2;Litho_REG_FE_64#3;Litho_REG_FE_64#4;Litho_REG_FE_64#5;Litho_REG_FE_64#7;Litho_REG_FE_64#8
Litho_REG_FE_64	part_8	Litho_REG_FE_64#0;Litho_REG_FE_64#1;Litho_REG_FE_64#10;Litho_REG_FE_64#11;Litho_REG_FE_64#2;Litho_REG_FE_64#3;Litho_REG_FE_64#4;Litho_REG_FE_64#6;Litho_REG_FE_64#7;Litho_REG_FE_64#9
Litho_REG_FE_64	part_9	Litho_REG_FE_64#0;Litho_REG_FE_64#1;Litho_REG_FE_64#10;Litho_REG_FE_64#11;Litho_REG_FE_64#2;Litho_REG_FE_64#5;Litho_REG_FE_64#6;Litho_REG_FE_64#7;Litho_REG_FE_64#8;Litho_REG_FE_64#9
Planar_BE_75	part_1	Planar_BE_75#0;Planar_BE_75#1;Planar_BE_75#11;Planar_BE_75#12;Planar_BE_75#13;Planar_BE_75#2;Planar_BE_75#5;Planar_BE_75#6;Planar_BE_75#7;Planar_BE_75#8;Planar_BE_75#9
Planar_BE_75	part_10	Planar_BE_75#1;Planar_BE_75#10;Planar_BE_75#11;Planar_BE_75#12;Planar_BE_75#3;Planar_BE_75#4;Planar_BE_75#5;Planar_BE_75#6;Planar_BE_75#7;Planar_BE_75#8;Planar_BE_75#9
Planar_BE_75	part_2	Planar_BE_75#0;Planar_BE_75#1;Planar_BE_75#10;Planar_BE_75#12;Planar_BE_75#13;Planar_BE_75#2;Planar_BE_75#3;Planar_BE_75#4;Planar_BE_75#5;Planar_BE_75#8;Planar_BE_75#9
Planar_BE_75	part_3	Planar_BE_75#0;Planar_BE_75#10;Planar_BE_75#11;Planar_BE_75#12;Planar_BE_75#13;Planar_BE_75#2;Planar_BE_75#3;Planar_BE_75#4;Planar_BE_75#5;Planar_BE_75#8;Planar_BE_75#9
Planar_BE_75	part_4	Planar_BE_75#0;Planar_BE_75#10;Planar_BE_75#11;Planar_BE_75#13;Planar_BE_75#2;Planar_BE_75#3;Planar_BE_75#4;Planar_BE_75#5;Planar_BE_75#6;Planar_BE_75#7;Planar_BE_75#9
Planar_BE_75	part_5	Planar_BE_75#0;Planar_BE_75#1;Planar_BE_75#10;Planar_BE_75#11;Planar_BE_75#12;Planar_BE_75#2;Planar_BE_75#3;Planar_BE_75#4;Planar_BE_75#6;Planar_BE_75#7;Planar_BE_75#8
Planar_BE_75	part_6	Planar_BE_75#0;Planar_BE_75#1;Planar_BE_75#10;Planar_BE_75#12;Planar_BE_75#13;Planar_BE_75#2;Planar_BE_75#3;Planar_BE_75#4;Planar_BE_75#6;Planar_BE_75#7;Planar_BE_75#8
Planar_BE_75	part_7	Planar_BE_75#0;Planar_BE_75#1;Planar_BE_75#10;Planar_BE_75#11;Planar_BE_75#12;Planar_BE_75#3;Planar_BE_75#4;Planar_BE_75#6;Planar_BE_75#7;Planar_BE_75#8;Planar_BE_75#9
Planar_BE_75	part_8	Planar_BE_75#0;Planar_BE_75#1;Planar_BE_75#11;Planar_BE_75#13;Planar_BE_75#2;Planar_BE_75#3;Planar_BE_75#4;Planar_BE_75#5;Planar_BE_75#6;Planar_BE_75#7;Planar_BE_75#9
Planar_BE_75	part_9	Planar_BE_75#1;Planar_BE_75#10;Planar_BE_75#11;Planar_BE_75#12;Planar_BE_75#13;Planar_BE_75#2;Planar_BE_75#5;Planar_BE_75#6;Planar_BE_75#7;Planar_BE_75#8;Planar_BE_75#9
Planar_FE_79	part_1	Planar_FE_79#1;Planar_FE_79#2;Planar_FE_79#3
Planar_FE_79	part_10	Planar_FE_79#0;Planar_FE_79#1;Planar_FE_79#3
Planar_FE_79	part_2	Planar_FE_79#0;Planar_FE_79#1;Planar_FE_79#3
Planar_FE_79	part_3	Planar_FE_79#0;Planar_FE_79#1;Planar_FE_79#2
Planar_FE_79	part_4	Planar_FE_79#0;Planar_FE_79#2;Planar_FE_79#3
Planar_FE_79	part_5	Planar_FE_79#0;Planar_FE_79#1;Planar_FE_79#2
Planar_FE_79	part_6	Planar_FE_79#0;Planar_FE_79#2;Planar_FE_79#3
Planar_FE_79	part_7	Planar_FE_79#0;Planar_FE_79#2;Planar_FE_79#3
Planar_FE_79	part_8	Planar_FE_79#1;Planar_FE_79#2;Planar_FE_79#3
Planar_FE_79	part_9	Planar_FE_79#1;Planar_FE_79#2;Planar_FE_79#3
TF_BE_2	part_1	TF_BE_2#0;TF_BE_2#1;TF_BE_2#2
TF_BE_2	part_10	TF_BE_2#0;TF_BE_2#1;TF_BE_2#3
TF_BE_2	part_2	TF_BE_2#0;TF_BE_2#1;TF_BE_2#2
TF_BE_2	part_3	TF_BE_2#1;TF_BE_2#2;TF_BE_2#3
TF_BE_2	part_4	TF_BE_2#1;TF_BE_2#2;TF_BE_2#3
TF_BE_2	part_5	TF_BE_2#0;TF_BE_2#1;TF_BE_2#3
TF_BE_2	part_6	TF_BE_2#0;TF_BE_2#2;TF_BE_2#3
TF_BE_2	part_7	TF_BE_2#0;TF_BE_2#2;TF_BE_2#3
TF_BE_2	part_8	TF_BE_2#0;TF_BE_2#2;TF_BE_2#3
TF_BE_2	part_9	TF_BE_2#0;TF_BE_2#1;TF_BE_2#2
TF_BE_23	part_1	TF_BE_23#0;TF_BE_23#1;TF_BE_23#10;TF_BE_23#11;TF_BE_23#12;TF_BE_23#13;TF_BE_23#2;TF_BE_23#3;TF_BE_23#5;TF_BE_23#6;TF_BE_23#8
TF_BE_23	part_10	TF_BE_23#0;TF_BE_23#1;TF_BE_23#10;TF_BE_23#11;TF_BE_23#3;TF_BE_23#4;TF_BE_23#5;TF_BE_23#6;TF_BE_23#7;TF_BE_23#8;TF_BE_23#9
TF_BE_23	part_2	TF_BE_23#0;TF_BE_23#1;TF_BE_23#11;TF_BE_23#12;TF_BE_23#13;TF_BE_23#2;TF_BE_23#4;TF_BE_23#5;TF_BE_23#7;TF_BE_23#8;TF_BE_23#9
TF_BE_23	part_3	TF_BE_23#0;TF_BE_23#1;TF_BE_23#10;TF_BE_23#11;TF_BE_23#12;TF_BE_23#13;TF_BE_23#2;TF_BE_23#4;TF_BE_23#5;TF_BE_23#7;TF_BE_23#9
TF_BE_23	part_4	TF_BE_23#0;TF_BE_23#1;TF_BE_23#10;TF_BE_23#11;TF_BE_23#2;TF_BE_23#3;TF_BE_23#4;TF_BE_23#6;TF_BE_23#7;TF_BE_23#8;TF_BE_23#9
TF_BE_23	part_5	TF_BE_23#10;TF_BE_23#11;TF_BE_23#12;TF_BE_23#13;TF_BE_23#2;TF_BE_23#3;TF_BE_23#4;TF_BE_23#5;TF_BE_23#6;TF_BE_23#7;TF_BE_23#8
TF_BE_23	part_6	TF_BE_23#0;TF_BE_23#1;TF_BE_23#10;TF_BE_23#12;TF_BE_23#13;TF_BE_23#2;TF_BE_23#3;TF_BE_23#5;TF_BE_23#6;TF_BE_23#8;TF_BE_23#9
TF_BE_23	part_7	TF_BE_23#0;TF_BE_23#1;TF_BE_23#10;TF_BE_23#12;TF_BE_23#3;TF_BE_23#4;TF_BE_23#5;TF_BE_23#6;TF_BE_23#7;TF_BE_23#8;TF_BE_23#9
TF_BE_23	part_8	TF_BE_23#10;TF_BE_23#11;TF_BE_23#12;TF_BE_23#13;TF_BE_23#2;TF_BE_23#3;TF_BE_23#4;TF_BE_23#5;TF_BE_23#6;TF_BE_23#7;TF_BE_23#9
TF_BE_23	part_9	TF_BE_23#0;TF_BE_23#1;TF_BE_23#11;TF_BE_23#13;TF_BE_23#2;TF_BE_23#3;TF_BE_23#4;TF_BE_23#6;TF_BE_23#7;TF_BE_23#8;TF_BE_23#9
TF_BE_24	part_1	TF_BE_24#0;TF_BE_24#2;TF_BE_24#3
TF_BE_24	part_10	TF_BE_24#0;TF_BE_24#1;TF_BE_24#2
TF_BE_24	part_2	TF_BE_24#0;TF_BE_24#1;TF_BE_24#2
TF_BE_24	part_3	TF_BE_24#0;TF_BE_24#1;TF_BE_24#2
TF_BE_24	part_4	TF_BE_24#0;TF_BE_24#1;TF_BE_24#3
TF_BE_24	part_5	TF_BE_24#1;TF_BE_24#2;TF_BE_24#3
TF_BE_24	part_6	TF_BE_24#1;TF_BE_24#2;TF_BE_24#3
TF_BE_24	part_7	TF_BE_24#0;TF_BE_24#2;TF_BE_24#3
TF_BE_24	part_8	TF_BE_24#1;TF_BE_24#2;TF_BE_24#3
TF_BE_24	part_9	TF_BE_24#0;TF_BE_24#1;TF_BE_24#3
TF_BE_26	part_1	TF_BE_26#0;TF_BE_26#1;TF_BE_26#12;TF_BE_26#2;TF_BE_26#3;TF_BE_26#4;TF_BE_26#5;TF_BE_26#6;TF_BE_26#7;TF_BE_26#9
TF_BE_26	part_10	TF_BE_26#0;TF_BE_26#10;TF_BE_26#11;TF_BE_26#12;TF_BE_26#2;TF_BE_26#3;TF_BE_26#4;TF_BE_26#5;TF_BE_26#8;TF_BE_26#9
TF_BE_26	part_2	TF_BE_26#0;TF_BE_26#1;TF_BE_26#10;TF_BE_26#11;TF_BE_26#12;TF_BE_26#2;TF_BE_26#4;TF_BE_26#5;TF_BE_26#8;TF_BE_26#9
TF_BE_26	part_3	TF_BE_26#0;TF_BE_26#1;TF_BE_26#10;TF_BE_26#11;TF_BE_26#12;TF_BE_26#2;TF_BE_26#5;TF_BE_26#6;TF_BE_26#8;TF_BE_26#9
TF_BE_26	part_4	TF_BE_26#0;TF_BE_26#1;TF_BE_26#10;TF_BE_26#11;TF_BE_26#2;TF_BE_26#3;TF_BE_26#4;TF_BE_26#6;TF_BE_26#7;TF_BE_26#8
TF_BE_26	part_5	TF_BE_26#1;TF_BE_26#10;TF_BE_26#11;TF_BE_26#12;TF_BE_26#3;TF_BE_26#5;TF_BE_26#6;TF_BE_26#7;TF_BE_26#8;TF_BE_26#9
TF_BE_26	part_6	TF_BE_26#0;TF_BE_26#10;TF_BE_26#11;TF_BE_26#12;TF_BE_26#2;TF_BE_26#3;TF_BE_26#4;TF_BE_26#7;TF_BE_26#8;TF_BE_26#9
TF_BE_26	part_7	TF_BE_26#0;TF_BE_26#1;TF_BE_26#10;TF_BE_26#11;TF_BE_26#12;TF_BE_26#5;TF_BE_26#6;TF_BE_26#7;TF_BE_26#8;TF_BE_26#9
TF_BE_26	part_8	TF_BE_26#1;TF_BE_26#11;TF_BE_26#12;TF_BE_26#2;TF_BE_26#3;TF_BE_26#4;TF_BE_26#5;TF_BE_26#6;TF_BE_26#7;TF_BE_26#9
TF_BE_26	part_9	TF_BE_26#0;TF_BE_26#1;TF_BE_26#10;TF_BE_26#2;TF_BE_26#3;TF_BE_26#4;TF_BE_26#5;TF_BE_26#6;TF_BE_26#7;TF_BE_26#8
TF_BE_40	part_1	TF_BE_40#0;TF_BE_40#1;TF_BE_40#10;TF_BE_40#11;TF_BE_40#12;TF_BE_40#13;TF_BE_40#14;TF_BE_40#15;TF_BE_40#2;TF_BE_40#3;TF_BE_40#4;TF_BE_40#7;TF_BE_40#8;TF_BE_40#9
TF_BE_40	part_10	TF_BE_40#0;TF_BE_40#1;TF_BE_40#10;TF_BE_40#11;TF_BE_40#12;TF_BE_40#13;TF_BE_40#15;TF_BE_40#16;TF_BE_40#2;TF_BE_40#3;TF_BE_40#4;TF_BE_40#5;TF_BE_40#6;TF_BE_40#8
TF_BE_40	part_2	TF_BE_40#0;TF_BE_40#1;TF_BE_40#10;TF_BE_40#11;TF_BE_40#12;TF_BE_40#13;TF_BE_40#14;TF_BE_40#16;TF_BE_40#2;TF_BE_40#3;TF_BE_40#4;TF_BE_40#7;TF_BE_40#8;TF_BE_40#9
TF_BE_40	part_3	TF_BE_40#0;TF_BE_40#1;TF_BE_40#10;TF_BE_40#12;TF_BE_40#14;TF_BE_40#15;TF_BE_40#16;TF_BE_40#2;TF_BE_40#3;TF_BE_40#4;TF_BE_40#5;TF_BE_40#6;TF_BE_40#7;TF_BE_40#9
TF_BE_40	part_4	TF_BE_40#1;TF_BE_40#11;TF_BE_40#12;TF_BE_40#13;TF_BE_40#14;TF_BE_40#15;TF_BE_40#16;TF_BE_40#2;TF_BE_40#3;TF_BE_40#4;TF_BE_40#5;TF_BE_40#6;TF_BE_40#7;TF_BE_40#9
TF_BE_40	part_5	TF_BE_40#1;TF_BE_40#11;TF_BE_40#12;TF_BE_40#13;TF_BE_40#14;TF_BE_40#15;TF_BE_40#16;TF_BE_40#2;TF_BE_40#4;TF_BE_40#5;TF_BE_40#6;TF_BE_40#7;TF_BE_40#8;TF_BE_40#9
TF_BE_40	part_6	TF_BE_40#0;TF_BE_40#10;TF_BE_40#11;TF_BE_40#12;TF_BE_40#13;TF_BE_40#14;TF_BE_40#15;TF_BE_40#16;TF_BE_40#4;TF_BE_40#5;TF_BE_40#6;TF_BE_40#7;TF_BE_40#8;TF_BE_40#9
TF_BE_40	part_7	TF_BE_40#0;TF_BE_40#10;TF_BE_40#11;TF_BE_40#12;TF_BE_40#13;TF_BE_40#14;TF_BE_40#16;TF_BE_40#3;TF_BE_40#4;TF_BE_40#5;TF_BE_40#6;TF_BE_40#7;TF_BE_40#8;TF_BE_40#9
TF_BE_40	part_8	TF_BE_40#0;TF_BE_40#1;TF_BE_40#10;TF_BE_40#12;TF_BE_40#14;TF_BE_40#15;TF_BE_40#16;TF_BE_40#2;TF_BE_40#3;TF_BE_40#4;TF_BE_40#5;TF_BE_40#6;TF_BE_40#8;TF_BE_40#9
TF_BE_40	part_9	TF_BE_40#0;TF_BE_40#1;TF_BE_40#10;TF_BE_40#11;TF_BE_40#13;TF_BE_40#14;TF_BE_40#15;TF_BE_40#2;TF_BE_40#3;TF_BE_40#5;TF_BE_40#6;TF_BE_40#7;TF_BE_40#8;TF_BE_40#9
TF_FE_103	part_1	TF_FE_103#0;TF_FE_103#1;TF_FE_103#2;TF_FE_103#3;TF_FE_103#4;TF_FE_103#5
TF_FE_103	part_10	TF_FE_103#0;TF_FE_103#1;TF_FE_103#2;TF_FE_103#3;TF_FE_103#4;TF_FE_103#6
TF_FE_103	part_2	TF_FE_103#0;TF_FE_103#1;TF_FE_103#2;TF_FE_103#4;TF_FE_103#5;TF_FE_103#6
TF_FE_103	part_3	TF_FE_103#0;TF_FE_103#1;TF_FE_103#3;TF_FE_103#4;TF_FE_103#5;TF_FE_103#6
TF_FE_103	part_4	TF_FE_103#1;TF_FE_103#2;TF_FE_103#3;TF_FE_103#4;TF_FE_103#5;TF_FE_103#6
TF_FE_103	part_5	TF_FE_103#0;TF_FE_103#2;TF_FE_103#3;TF_FE_103#4;TF_FE_103#5;TF_FE_103#6
TF_FE_103	part_6	TF_FE_103#0;TF_FE_103#1;TF_FE_103#2;TF_FE_103#3;TF_FE_103#5;TF_FE_103#6
TF_FE_103	part_7	TF_FE_103#0;TF_FE_103#1;TF_FE_103#2;TF_FE_103#3;TF_FE_103#5;TF_FE_103#6
TF_FE_103	part_8	TF_FE_103#0;TF_FE_103#1;TF_FE_103#2;TF_FE_103#4;TF_FE_103#5;TF_FE_103#6
TF_FE_103	part_9	TF_FE_103#0;TF_FE_103#1;TF_FE_103#2;TF_FE_103#3;TF_FE_103#4;TF_FE_103#5
TF_FE_104	part_1	TF_FE_104#1;TF_FE_104#2;TF_FE_104#3;TF_FE_104#4
TF_FE_104	part_10	TF_FE_104#0;TF_FE_104#1;TF_FE_104#2;TF_FE_104#4
TF_FE_104	part_2	TF_FE_104#1;TF_FE_104#2;TF_FE_104#3;TF_FE_104#4
TF_FE_104	part_3	TF_FE_104#0;TF_FE_104#1;TF_FE_104#2;TF_FE_104#4
TF_FE_104	part_4	TF_FE_104#0;TF_FE_104#2;TF_FE_104#3;TF_FE_104#4
TF_FE_104	part_5	TF_FE_104#0;TF_FE_104#2;TF_FE_104#3;TF_FE_104#4
TF_FE_104	part_6	TF_FE_104#0;TF_FE_104#1;TF_FE_104#3;TF_FE_104#4
TF_FE_104	part_7	TF_FE_104#0;TF_FE_104#1;TF_FE_104#2;TF_FE_104#3
TF_FE_104	part_8	TF_FE_104#0;TF_FE_104#1;TF_FE_104#3;TF_FE_104#4
TF_FE_104	part_9	TF_FE_104#0;TF_FE_104#1;TF_FE_104#2;TF_FE_104#3
TF_FE_113	part_1	TF_FE_113#0;TF_FE_113#2
TF_FE_113	part_10	TF_FE_113#0;TF_FE_113#1
TF_FE_113	part_2	TF_FE_113#0;TF_FE_113#2
TF_FE_113	part_3	TF_FE_113#0;TF_FE_113#2
TF_FE_113	part_4	TF_FE_113#0;TF_FE_113#1
TF_FE_113	part_5	TF_FE_113#1;TF_FE_113#2
TF_FE_113	part_6	TF_FE_113#1;TF_FE_113#2
TF_FE_113	part_7	TF_FE_113#0;TF_FE_113#1
TF_FE_113	part_8	TF_FE_113#1;TF_FE_113#2
TF_FE_113	part_9	TF_FE_113#1;TF_FE_113#2
TF_FE_131	part_1	TF_FE_131#0;TF_FE_131#1;TF_FE_131#2;TF_FE_131#3;TF_FE_131#5
TF_FE_131	part_10	TF_FE_131#1;TF_FE_131#2;TF_FE_131#3;TF_FE_131#4;TF_FE_131#5
TF_FE_131	part_2	TF_FE_131#0;TF_FE_131#2;TF_FE_131#3;TF_FE_131#4;TF_FE_131#5
TF_FE_131	part_3	TF_FE_131#1;TF_FE_131#2;TF_FE_131#3;TF_FE_131#4;TF_FE_131#5
TF_FE_131	part_4	TF_FE_131#0;TF_FE_131#1;TF_FE_131#2;TF_FE_131#3;TF_FE_131#4
TF_FE_131	part_5	TF_FE_131#0;TF_FE_131#1;TF_FE_131#2;TF_FE_131#3;TF_FE_131#4
TF_FE_131	part_6	TF_FE_131#0;TF_FE_131#2;TF_FE_131#3;TF_FE_131#4;TF_FE_131#5
TF_FE_131	part_7	TF_FE_131#0;TF_FE_131#1;TF_FE_131#2;TF_FE_131#3;TF_FE_131#5
TF_FE_131	part_8	TF_FE_131#0;TF_FE_131#1;TF_FE_131#3;TF_FE_131#4;TF_FE_131#5
TF_FE_131	part_9	TF_FE_131#0;TF_FE_131#1;TF_FE_131#2;TF_FE_131#4;TF_FE_131#5
TF_FE_3	part_1	TF_FE_3#0;TF_FE_3#2
TF_FE_3	part_10	TF_FE_3#0;TF_FE_3#2
TF_FE_3	part_2	TF_FE_3#1;TF_FE_3#2
TF_FE_3	part_3	TF_FE_3#1;TF_FE_3#2
TF_FE_3	part_4	TF_FE_3#0;TF_FE_3#2
TF_FE_3	part_5	TF_FE_3#1;TF_FE_3#2
TF_FE_3	part_6	TF_FE_3#0;TF_FE_3#1
TF_FE_3	part_7	TF_FE_3#0;TF_FE_3#1
TF_FE_3	part_8	TF_FE_3#0;TF_FE_3#1
TF_FE_3	part_9	TF_FE_3#0;TF_FE_3#1
TF_FE_5	part_1	TF_FE_5#0;TF_FE_5#2
TF_FE_5	part_10	TF_FE_5#1;TF_FE_5#2
TF_FE_5	part_2	TF_FE_5#0;TF_FE_5#1
TF_FE_5	part_3	TF_FE_5#1;TF_FE_5#2
TF_FE_5	part_4	TF_FE_5#0;TF_FE_5#2
TF_FE_5	part_5	TF_FE_5#1;TF_FE_5#2
TF_FE_5	part_6	TF_FE_5#0;TF_FE_5#2
TF_FE_5	part_7	TF_FE_5#0;TF_FE_5#1
TF_FE_5	part_8	TF_FE_5#0;TF_FE_5#2
TF_FE_5	part_9	TF_FE_5#0;TF_FE_5#1
WE_BE_14	part_1	WE_BE_14#0;WE_BE_14#1;WE_BE_14#3;WE_BE_14#4
WE_BE_14	part_10	WE_BE_14#0;WE_BE_14#1;WE_BE_14#2;WE_BE_14#3
WE_BE_14	part_2	WE_BE_14#1;WE_BE_14#2;WE_BE_14#3;WE_BE_14#4
WE_BE_14	part_3	WE_BE_14#0;WE_BE_14#2;WE_BE_14#3;WE_BE_14#4
WE_BE_14	part_4	WE_BE_14#0;WE_BE_14#1;WE_BE_14#3;WE_BE_14#4
WE_BE_14	part_5	WE_BE_14#0;WE_BE_14#2;WE_BE_14#3;WE_BE_14#4
WE_BE_14	part_6	WE_BE_14#0;WE_BE_14#1;WE_BE_14#2;WE_BE_14#4
WE_BE_14	part_7	WE_BE_14#0;WE_BE_14#1;WE_BE_14#2;WE_BE_14#4
WE_BE_14	part_8	WE_BE_14#0;WE_BE_14#1;WE_BE_14#2;WE_BE_14#3
WE_BE_14	part_9	WE_BE_14#1;WE_BE_14#2;WE_BE_14#3;WE_BE_14#4
WE_BE_16	part_1	WE_BE_16#0;WE_BE_16#1;WE_BE_16#2;WE_BE_16#4;WE_BE_16#5;WE_BE_16#6
WE_BE_16	part_10	WE_BE_16#0;WE_BE_16#3;WE_BE_16#4;WE_BE_16#5;WE_BE_16#6;WE_BE_16#7
WE_BE_16	part_2	WE_BE_16#0;WE_BE_16#1;WE_BE_16#2;WE_BE_16#3;WE_BE_16#6;WE_BE_16#7
WE_BE_16	part_3	WE_BE_16#0;WE_BE_16#3;WE_BE_16#4;WE_BE_16#5;WE_BE_16#6;WE_BE_16#7
WE_BE_16	part_4	WE_BE_16#0;WE_BE_16#3;WE_BE_16#4;WE_BE_16#5;WE_BE_16#6;WE_BE_16#7
WE_BE_16	part_5	WE_BE_16#0;WE_BE_16#1;WE_BE_16#2;WE_BE_16#4;WE_BE_16#5;WE_BE_16#6
WE_BE_16	part_6	WE_BE_16#0;WE_BE_16#1;WE_BE_16#2;WE_BE_16#3;WE_BE_16#6;WE_BE_16#7
WE_BE_16	part_7	WE_BE_16#0;WE_BE_16#1;WE_BE_16#2;WE_BE_16#3;WE_BE_16#6;WE_BE_16#7
WE_BE_16	part_8	WE_BE_16#1;WE_BE_16#2;WE_BE_16#3;WE_BE_16#4;WE_BE_16#5;WE_BE_16#7
WE_BE_16	part_9	WE_BE_16#1;WE_BE_16#2;WE_BE_16#3;WE_BE_16#4;WE_BE_16#5;WE_BE_16#7
WE_BE_81	part_1	WE_BE_81#0;WE_BE_81#1
WE_BE_81	part_10	WE_BE_81#1;WE_BE_81#2
WE_BE_81	part_2	WE_BE_81#1;WE_BE_81#2
WE_BE_81	part_3	WE_BE_81#0;WE_BE_81#2
WE_BE_81	part_4	WE_BE_81#0;WE_BE_81#2
WE_BE_81	part_5	WE_BE_81#0;WE_BE_81#1
WE_BE_81	part_6	WE_BE_81#0;WE_BE_81#2
WE_BE_81	part_7	WE_BE_81#0;WE_BE_81#1
WE_BE_81	part_8	WE_BE_81#1;WE_BE_81#2
WE_BE_81	part_9	WE_BE_81#0;WE_BE_81#1
WE_BE_82	part_1	WE_BE_82#1;WE_BE_82#3;WE_BE_82#4;WE_BE_82#5;WE_BE_82#6;WE_BE_82#7;WE_BE_82#8
WE_BE_82	part_10	WE_BE_82#0;WE_BE_82#1;WE_BE_82#2;WE_BE_82#3;WE_BE_82#4;WE_BE_82#5;WE_BE_82#8
WE_BE_82	part_2	WE_BE_82#1;WE_BE_82#2;WE_BE_82#3;WE_BE_82#4;WE_BE_82#6;WE_BE_82#7;WE_BE_82#8
WE_BE_82	part_3	WE_BE_82#0;WE_BE_82#1;WE_BE_82#2;WE_BE_82#3;WE_BE_82#5;WE_BE_82#6;WE_BE_82#7
WE_BE_82	part_4	WE_BE_82#0;WE_BE_82#1;WE_BE_82#2;WE_BE_82#3;WE_BE_82#4;WE_BE_82#5;WE_BE_82#7
WE_BE_82	part_5	WE_BE_82#0;WE_BE_82#1;WE_BE_82#2;WE_BE_82#3;WE_BE_82#4;WE_BE_82#6;WE_BE_82#8
WE_BE_82	part_6	WE_BE_82#1;WE_BE_82#3;WE_BE_82#4;WE_BE_82#5;WE_BE_82#6;WE_BE_82#7;WE_BE_82#8
WE_BE_82	part_7	WE_BE_82#0;WE_BE_82#1;WE_BE_82#4;WE_BE_82#5;WE_BE_82#6;WE_BE_82#7;WE_BE_82#8
WE_BE_82	part_8	WE_BE_82#0;WE_BE_82#2;WE_BE_82#4;WE_BE_82#5;WE_BE_82#6;WE_BE_82#7;WE_BE_82#8
WE_BE_82	part_9	WE_BE_82#0;WE_BE_82#2;WE_BE_82#3;WE_BE_82#5;WE_BE_82#6;WE_BE_82#7;WE_BE_82#8
WE_BE_9	part_1	WE_BE_9#0;WE_BE_9#1;WE_BE_9#2;WE_BE_9#3
WE_BE_9	part_10	WE_BE_9#0;WE_BE_9#2;WE_BE_9#3;WE_BE_9#4
WE_BE_9	part_2	WE_BE_9#1;WE_BE_9#2;WE_BE_9#3;WE_BE_9#4
WE_BE_9	part_3	WE_BE_9#1;WE_BE_9#2;WE_BE_9#3;WE_BE_9#4
WE_BE_9	part_4	WE_BE_9#0;WE_BE_9#1;WE_BE_9#2;WE_BE_9#4
WE_BE_9	part_5	WE_BE_9#0;WE_BE_9#2;WE_BE_9#3;WE_BE_9#4
WE_BE_9	part_6	WE_BE_9#0;WE_BE_9#1;WE_BE_9#3;WE_BE_9#4
WE_BE_9	part_7	WE_BE_9#0;WE_BE_9#1;WE_BE_9#2;WE_BE_9#4
WE_BE_9	part_8	WE_BE_9#0;WE_BE_9#1;WE_BE_9#2;WE_BE_9#3
WE_BE_9	part_9	WE_BE_9#0;WE_BE_9#1;WE_BE_9#3;WE_BE_9#4
WE_FE_108	part_1	WE_FE_108#10;WE_FE_108#12;WE_FE_108#13;WE_FE_108#15;WE_FE_108#16;WE_FE_108#18;WE_FE_108#19;WE_FE_108#2;WE_FE_108#20;WE_FE_108#21;WE_FE_108#22;WE_FE_108#23;WE_FE_108#25;WE_FE_108#26;WE_FE_108#27;WE_FE_108#28;WE_FE_108#3;WE_FE_108#4;WE_FE_108#5;WE_FE_108#6;WE_FE_108#7;WE_FE_108#8;WE_FE_108#9
WE_FE_108	part_10	WE_FE_108#10;WE_FE_108#12;WE_FE_108#13;WE_FE_108#15;WE_FE_108#18;WE_FE_108#19;WE_FE_108#2;WE_FE_108#20;WE_FE_108#21;WE_FE_108#22;WE_FE_108#23;WE_FE_108#24;WE_FE_108#25;WE_FE_108#26;WE_FE_108#27;WE_FE_108#28;WE_FE_108#3;WE_FE_108#4;WE_FE_108#5;WE_FE_108#6;WE_FE_108#7;WE_FE_108#8;WE_FE_108#9
WE_FE_108	part_2	WE_FE_108#0;WE_FE_108#1;WE_FE_108#10;WE_FE_108#11;WE_FE_108#12;WE_FE_108#13;WE_FE_108#14;WE_FE_108#17;WE_FE_108#18;WE_FE_108#19;WE_FE_108#2;WE_FE_108#20;WE_FE_108#21;WE_FE_108#22;WE_FE_108#24;WE_FE_108#26;WE_FE_108#27;WE_FE_108#4;WE_FE_108#5;WE_FE_108#6;WE_FE_108#7;WE_FE_108#8;WE_FE_108#9
WE_FE_108	part_3	WE_FE_108#0;WE_FE_108#1;WE_FE_108#10;WE_FE_108#11;WE_FE_108#12;WE_FE_108#13;WE_FE_108#14;WE_FE_108#16;WE_FE_108#17;WE_FE_108#19;WE_FE_108#2;WE_FE_108#20;WE_FE_108#21;WE_FE_108#22;WE_FE_108#24;WE_FE_108#26;WE_FE_108#27;WE_FE_108#4;WE_FE_108#5;WE_FE_108#6;WE_FE_108#7;WE_FE_108#8;WE_FE_108#9
WE_FE_108	part_4	WE_FE_108#0;WE_FE_108#1;WE_FE_108#10;WE_FE_108#11;WE_FE_108#13;WE_FE_108#14;WE_FE_108#15;WE_FE_108#16;WE_FE_108#17;WE_FE_108#18;WE_FE_108#19;WE_FE_108#22;WE_FE_108#23;WE_FE_108#24;WE_FE_108#25;WE_FE_108#26;WE_FE_108#27;WE_FE_108#28;WE_FE_108#3;WE_FE_108#5;WE_FE_108#6;WE_FE_108#7;WE_FE_108#9
WE_FE_108	part_5	WE_FE_108#0;WE_FE_108#1;WE_FE_108#11;WE_FE_108#12;WE_FE_108#13;WE_FE_108#14;WE_FE_108#15;WE_FE_108#16;WE_FE_108#17;WE_FE_108#19;WE_FE_108#2;WE_FE_108#20;WE_FE_108#21;WE_FE_108#23;WE_FE_108#24;WE_FE_108#25;WE_FE_108#26;WE_FE_108#28;WE_FE_108#3;WE_FE_108#4;WE_FE_108#5;WE_FE_108#8;WE_FE_108#9
WE_FE_108	part_6	WE_FE_108#0;WE_FE_108#1;WE_FE_108#10;WE_FE_108#11;WE_FE_108#12;WE_FE_108#14;WE_FE_108#15;WE_FE_108#16;WE_FE_108#17;WE_FE_108#18;WE_FE_108#20;WE_FE_108#21;WE_FE_108#22;WE_FE_108#23;WE_FE_108#24;WE_FE_108#25;WE_FE_108#27;WE_FE_108#28;WE_FE_108#3;WE_FE_108#4;WE_FE_108#6;WE_FE_108#7;WE_FE_108#8
WE_FE_108	part_7	WE_FE_108#0;WE_FE_108#1;WE_FE_108#10;WE_FE_108#11;WE_FE_108#13;WE_FE_108#14;WE_FE_108#15;WE_FE_108#16;WE_FE_108#17;WE_FE_108#18;WE_FE_108#19;WE_FE_108#2;WE_FE_108#22;WE_FE_108#23;WE_FE_108#25;WE_FE_108#26;WE_FE_108#27;WE_FE_108#28;WE_FE_108#3;WE_FE_108#5;WE_FE_108#6;WE_FE_108#7;WE_FE_108#9
WE_FE_108	part_8	WE_FE_108#0;WE_FE_108#1;WE_FE_108#11;WE_FE_108#12;WE_FE_108#13;WE_FE_108#14;WE_FE_108#15;WE_FE_108#16;WE_FE_108#17;WE_FE_108#18;WE_FE_108#19;WE_FE_108#2;WE_FE_108#20;WE_FE_108#21;WE_FE_108#23;WE_FE_108#24;WE_FE_108#25;WE_FE_108#26;WE_FE_108#28;WE_FE_108#3;WE_FE_108#4;WE_FE_108#8;WE_FE_108#9
WE_FE_108	part_9	WE_FE_108#0;WE_FE_108#1;WE_FE_108#10;WE_FE_108#11;WE_FE_108#12;WE_FE_108#14;WE_FE_108#15;WE_FE_108#16;WE_FE_108#17;WE_FE_108#18;WE_FE_108#21;WE_FE_108#22;WE_FE_108#23;WE_FE_108#24;WE_FE_108#25;WE_FE_108#27;WE_FE_108#28;WE_FE_108#3;WE_FE_108#4;WE_FE_108#5;WE_FE_108#6;WE_FE_108#7;WE_FE_108#8
WE_FE_41	part_1	WE_FE_41#0;WE_FE_41#1;WE_FE_41#2;WE_FE_41#4
WE_FE_41	part_10	WE_FE_41#0;WE_FE_41#1;WE_FE_41#3;WE_FE_41#4
WE_FE_41	part_2	WE_FE_41#1;WE_FE_41#2;WE_FE_41#3;WE_FE_41#4
WE_FE_41	part_3	WE_FE_41#0;WE_FE_41#1;WE_FE_41#3;WE_FE_41#4
WE_FE_41	part_4	WE_FE_41#0;WE_FE_41#1;WE_FE_41#2;WE_FE_41#3
WE_FE_41	part_5	WE_FE_41#0;WE_FE_41#1;WE_FE_41#2;WE_FE_41#4
WE_FE_41	part_6	WE_FE_41#0;WE_FE_41#1;WE_FE_41#2;WE_FE_41#3
WE_FE_41	part_7	WE_FE_41#0;WE_FE_41#2;WE_FE_41#3;WE_FE_41#4
WE_FE_41	part_8	WE_FE_41#0;WE_FE_41#2;WE_FE_41#3;WE_FE_41#4
WE_FE_41	part_9	WE_FE_41#1;WE_FE_41#2;WE_FE_41#3;WE_FE_41#4
WE_FE_47	part_1	WE_FE_47#0;WE_FE_47#1;WE_FE_47#2;WE_FE_47#4
WE_FE_47	part_10	WE_FE_47#1;WE_FE_47#2;WE_FE_47#3;WE_FE_47#4
WE_FE_47	part_2	WE_FE_47#0;WE_FE_47#1;WE_FE_47#2;WE_FE_47#3
WE_FE_47	part_3	WE_FE_47#0;WE_FE_47#1;WE_FE_47#3;WE_FE_47#4
WE_FE_47	part_4	WE_FE_47#0;WE_FE_47#1;WE_FE_47#2;WE_FE_47#3
WE_FE_47	part_5	WE_FE_47#0;WE_FE_47#2;WE_FE_47#3;WE_FE_47#4
WE_FE_47	part_6	WE_FE_47#0;WE_FE_47#1;WE_FE_47#3;WE_FE_47#4
WE_FE_47	part_7	WE_FE_47#1;WE_FE_47#2;WE_FE_47#3;WE_FE_47#4
WE_FE_47	part_8	WE_FE_47#0;WE_FE_47#1;WE_FE_47#2;WE_FE_47#4
WE_FE_47	part_9	WE_FE_47#0;WE_FE_47#2;WE_FE_47#3;WE_FE_47#4
WE_FE_83	part_1	WE_FE_83#0;WE_FE_83#1;WE_FE_83#2;WE_FE_83#3;WE_FE_83#5
WE_FE_83	part_10	WE_FE_83#0;WE_FE_83#2;WE_FE_83#3;WE_FE_83#4;WE_FE_83#5
WE_FE_83	part_2	WE_FE_83#0;WE_FE_83#1;WE_FE_83#2;WE_FE_83#4;WE_FE_83#5
WE_FE_83	part_3	WE_FE_83#0;WE_FE_83#1;WE_FE_83#2;WE_FE_83#3;WE_FE_83#5
WE_FE_83	part_4	WE_FE_83#0;WE_FE_83#2;WE_FE_83#3;WE_FE_83#4;WE_FE_83#5
WE_FE_83	part_5	WE_FE_83#0;WE_FE_83#1;WE_FE_83#2;WE_FE_83#3;WE_FE_83#4
WE_FE_83	part_6	WE_FE_83#1;WE_FE_83#2;WE_FE_83#3;WE_FE_83#4;WE_FE_83#5
WE_FE_83	part_7	WE_FE_83#0;WE_FE_83#1;WE_FE_83#3;WE_FE_83#4;WE_FE_83#5
WE_FE_83	part_8	WE_FE_83#0;WE_FE_83#1;WE_FE_83#3;WE_FE_83#4;WE_FE_83#5
WE_FE_83	part_9	WE_FE_83#0;WE_FE_83#1;WE_FE_83#2;WE_FE_83#3;WE_FE_83#4
WE_FE_84	part_1	WE_FE_84#0;WE_FE_84#1;WE_FE_84#10;WE_FE_84#12;WE_FE_84#14;WE_FE_84#15;WE_FE_84#16;WE_FE_84#2;WE_FE_84#3;WE_FE_84#5;WE_FE_84#6;WE_FE_84#7;WE_FE_84#8;WE_FE_84#9
WE_FE_84	part_10	WE_FE_84#0;WE_FE_84#1;WE_FE_84#10;WE_FE_84#11;WE_FE_84#13;WE_FE_84#14;WE_FE_84#15;WE_FE_84#16;WE_FE_84#2;WE_FE_84#3;WE_FE_84#4;WE_FE_84#7;WE_FE_84#8;WE_FE_84#9
WE_FE_84	part_2	WE_FE_84#0;WE_FE_84#1;WE_FE_84#11;WE_FE_84#12;WE_FE_84#13;WE_FE_84#14;WE_FE_84#15;WE_FE_84#16;WE_FE_84#2;WE_FE_84#3;WE_FE_84#4;WE_FE_84#5;WE_FE_84#6;WE_FE_84#9
WE_FE_84	part_3	WE_FE_84#0;WE_FE_84#1;WE_FE_84#11;WE_FE_84#12;WE_FE_84#13;WE_FE_84#14;WE_FE_84#15;WE_FE_84#2;WE_FE_84#4;WE_FE_84#5;WE_FE_84#6;WE_FE_84#7;WE_FE_84#8;WE_FE_84#9
WE_FE_84	part_4	WE_FE_84#0;WE_FE_84#1;WE_FE_84#10;WE_FE_84#11;WE_FE_84#12;WE_FE_84#14;WE_FE_84#15;WE_FE_84#16;WE_FE_84#2;WE_FE_84#3;WE_FE_84#4;WE_FE_84#5;WE_FE_84#6;WE_FE_84#9
WE_FE_84	part_5	WE_FE_84#10;WE_FE_84#11;WE_FE_84#12;WE_FE_84#13;WE_FE_84#15;WE_FE_84#16;WE_FE_84#2;WE_FE_84#3;WE_FE_84#4;WE_FE_84#5;WE_FE_84#6;WE_FE_84#7;WE_FE_84#8;WE_FE_84#9
WE_FE_84	part_6	WE_FE_84#0;WE_FE_84#1;WE_FE_84#10;WE_FE_84#11;WE_FE_84#12;WE_FE_84#13;WE_FE_84#14;WE_FE_84#15;WE_FE_84#2;WE_FE_84#4;WE_FE_84#5;WE_FE_84#6;WE_FE_84#7;WE_FE_84#8
WE_FE_84	part_7	WE_FE_84#0;WE_FE_84#1;WE_FE_84#10;WE_FE_84#11;WE_FE_84#13;WE_FE_84#14;WE_FE_84#15;WE_FE_84#16;WE_FE_84#2;WE_FE_84#3;WE_FE_84#4;WE_FE_84#6;WE_FE_84#7;WE_FE_84#8
WE_FE_84	part_8	WE_FE_84#0;WE_FE_84#1;WE_FE_84#10;WE_FE_84#11;WE_FE_84#12;WE_FE_84#13;WE_FE_84#14;WE_FE_84#16;WE_FE_84#3;WE_FE_84#4;WE_FE_84#5;WE_FE_84#7;WE_FE_84#8;WE_FE_84#9
WE_FE_84	part_9	WE_FE_84#1;WE_FE_84#10;WE_FE_84#12;WE_FE_84#13;WE_FE_84#14;WE_FE_84#15;WE_FE_84#16;WE_FE_84#2;WE_FE_84#3;WE_FE_84#5;WE_FE_84#6;WE_FE_84#7;WE_FE_84#8;WE_FE_84#9
